row_index,original_name,normalized_name,province,province_normalized,status
1,Di tích lịch sử - văn hóa căn cứ địa cách mạng Hải Chi (Đình Làng Dạ),căn cứ địa cách mạng Hải Chi,Quảng Ninh,Quảng Ninh,direct
2,Chợ Trung tâm Ba Chẽ,Chợ Trung tâm Ba Chẽ,Quảng Ninh,Quảng Ninh,direct
3,Di tích lịch sử Miếu Ông – Miếu Bà,Miếu Ông – Miếu Bà,Quảng Ninh,Quảng Ninh,direct
4,Phố đi bộ Tiên Yên,Phố đi bộ Tiên Yên,Quảng Ninh,Quảng Ninh,direct
5,"Trung tâm Văn hóa, Thể thao các dân tộc vùng Đông Bắc","Văn hóa, Thể thao các dân tộc vùng Đông Bắc",Quảng Ninh,Quảng Ninh,direct
6,Đền thờ Đức ông Hoàng Cần (Miếu Đại Vương),Đền thờ Đức ông Hoàng Cần,Quảng Ninh,Quảng Ninh,direct
7,Chợ Tiên Yên,Chợ Tiên Yên,Quảng Ninh,Quảng Ninh,direct
8,Thác Pạc Sủi,Thác Pạc Sủi,Quảng Ninh,Quảng Ninh,direct
9,Cột mốc 1317(2) và cửa khẩu Hoành Mô,Cột mốc 1317 và cửa khẩu Hoành Mô,Quảng Ninh,Quảng Ninh,direct
10,Chợ Đồng Văn,Chợ Đồng Văn,Quảng Ninh,Quảng Ninh,direct
11,Chợ Trung tâm huyện Bình Liêu,Chợ Trung tâm huyện Bình Liêu,Quảng Ninh,Quảng Ninh,direct
12,Đình Lục Nà,Đình Lục Nà,Quảng Ninh,Quảng Ninh,direct
13,Thác Sông Moóc,Thác Sông Moóc,Quảng Ninh,Quảng Ninh,direct
14,Thác Khe Tiền,Thác Khe Tiền,Quảng Ninh,Quảng Ninh,direct
15,Thác Khe Vằn,Thác Khe Vằn,Quảng Ninh,Quảng Ninh,direct
16,Bãi tắm Lương Ngọc,Bãi tắm Lương Ngọc,Quảng Ninh,Quảng Ninh,direct
17,Bãi tắm Quảng Hồng,Bãi tắm Quảng Hồng,Quảng Ninh,Quảng Ninh,direct
18,Trung tâm Khoáng nóng Địa chất,Khoáng nóng Địa chất,Quảng Ninh,Quảng Ninh,direct
19,Khu di tích lịch sử - Văn hóa Đền Cửa Ông,lịch sử - Văn hóa Đền Cửa Ông,Quảng Ninh,Quảng Ninh,direct
20,Khu di tích lịch sử và Danh thắng Vũng Đục,Vũng Đục,Quảng Ninh,Quảng Ninh,direct
21,Quảng Ninh Gate,Quảng Ninh Gate,Quảng Ninh,Quảng Ninh,direct
22,Công viên Hà Lan,Công viên Hà Lan,Quảng Ninh,Quảng Ninh,direct
23,Hồ Khe Chè,Hồ Khe Chè,Quảng Ninh,Quảng Ninh,direct
24,Làng quê Yên Đức,Làng quê Yên Đức,Quảng Ninh,Quảng Ninh,direct
25,Cụm di tích lịch sử cách mạng khu mỏ than Mạo Khê,cách mạng khu mỏ than Mạo Khê,Quảng Ninh,Quảng Ninh,direct
26,Trung tâm chiến khu Đông Triều - chùa Bắc Mã,chiến khu Đông Triều - chùa Bắc Mã,Quảng Ninh,Quảng Ninh,direct
27,Chùa Hồ Thiên,Chùa Hồ Thiên,Quảng Ninh,Quảng Ninh,direct
28,Chùa Quỳnh Lâm,Chùa Quỳnh Lâm,Quảng Ninh,Quảng Ninh,direct
29,Đền Thái,Đền Thái,Quảng Ninh,Quảng Ninh,direct
30,Đền An Sinh,Đền An Sinh,Quảng Ninh,Quảng Ninh,direct
31,Chợ Rừng,Chợ Rừng,Quảng Ninh,Quảng Ninh,direct
32,Làng nghề truyền thống Hưng Học,Hưng Học,Quảng Ninh,Quảng Ninh,direct
33,Thác Mơ,Thác Mơ Quảng Ninh,Quảng Ninh,Quảng Ninh,direct
936,Thác Mơ,Thác Mơ Tuyên Quang,Tuyên Quang,Tuyên Quang,direct
34,Chùa Yên Mỹ,Chùa Yên Mỹ,Quảng Ninh,Quảng Ninh,direct
35,Đền thờ Tiến sỹ Vũ Phi Hổ,Đền thờ Tiến sỹ Vũ Phi Hổ,Quảng Ninh,Quảng Ninh,direct
36,Đền thờ Vua Lê Thái Tổ,Đền thờ Vua Lê Thái Tổ,Quảng Ninh,Quảng Ninh,direct
37,Miếu Tiên Công,Miếu Tiên Công,Quảng Ninh,Quảng Ninh,direct
38,Chùa Yên Giang,Chùa Yên Giang,Quảng Ninh,Quảng Ninh,direct
39,"Đình, chùa Yên Đông","Đình, chùa Yên Đông",Quảng Ninh,Quảng Ninh,direct
40,Nhà thờ họ Lê,Nhà thờ họ Lê,Quảng Ninh,Quảng Ninh,direct
41,Đình Phong Cốc,Đình Phong Cốc,Quảng Ninh,Quảng Ninh,direct
42,Hai cây Lim Giếng Rừng,Hai cây Lim Giếng Rừng,Quảng Ninh,Quảng Ninh,direct
43,Bảo tàng Bạch Đằng,Bảo tàng Bạch Đằng,Quảng Ninh,Quảng Ninh,direct
44,Khu trung tâm di tích lịch sử Bạch Đằng,di tích lịch sử Bạch Đằng,Quảng Ninh,Quảng Ninh,direct
45,Quần thể danh lam thắng cảnh Núi Mằn,danh lam thắng cảnh Núi Mằn,Quảng Ninh,Quảng Ninh,direct
46,Khu bảo tồn bản văn hóa người Dao Thanh Y Bằng Cả,Khu bảo tồn bản văn hóa người Dao Thanh Y Bằng Cả,Quảng Ninh,Quảng Ninh,direct
47,Thiên đường hoa Quảng La,Thiên đường hoa Quảng La,Quảng Ninh,Quảng Ninh,direct
48,"Đại Yên Plaza, Vụng Cặp Táo","Đại Yên Plaza, Vụng Cặp Táo",Quảng Ninh,Quảng Ninh,direct
49,Cung Quy hoạch và Hội chợ triển lãm tỉnh Quảng Ninh,Cung Quy hoạch và Hội chợ triển lãm tỉnh Quảng Ninh,Quảng Ninh,Quảng Ninh,direct
50,Vụng Tùng Sâu,Vụng Tùng Sâu,Quảng Ninh,Quảng Ninh,direct
51,Cụm di tích Chùa Lôi Âm và Hồ Yên Lập,Chùa Lôi Âm và Hồ Yên Lập,Quảng Ninh,Quảng Ninh,direct
52,Đền Cái Lân,Đền Cái Lân,Quảng Ninh,Quảng Ninh,direct
53,Trung tâm Mỹ Ngọc - Công ty CP Ngọc trai Hạ Long,Mỹ Ngọc - Công ty CP Ngọc trai Hạ Long,Quảng Ninh,Quảng Ninh,direct
54,Trung tâm thương mại Marine Plaza,Marine Plaza,Quảng Ninh,Quảng Ninh,direct
55,Trung tâm Thương mại Vincom Hạ Long center,Vincom Hạ Long center,Quảng Ninh,Quảng Ninh,direct
56,Chợ Hạ Long 1,Chợ Hạ Long 1,Quảng Ninh,Quảng Ninh,direct
57,Bảo tàng - Thư viện tỉnh - Quảng trường 30/10,Bảo tàng - Thư viện tỉnh - Quảng trường 30/10,Quảng Ninh,Quảng Ninh,direct
58,Công viên Hạ Long,Công viên Hạ Long,Quảng Ninh,Quảng Ninh,direct
59,Nhà thờ Hòn Gai,Nhà thờ Hòn Gai,Quảng Ninh,Quảng Ninh,direct
60,Chùa Long Tiên,Chùa Long Tiên,Quảng Ninh,Quảng Ninh,direct
61,Trung tâm Văn hóa Núi Bài Thơ và Đền thờ Đức ông Trần Quốc Nghiễn,Núi Bài Thơ và Đền thờ Đức ông Trần Quốc Nghiễn,Quảng Ninh,Quảng Ninh,direct
62,Chùa Ba Vàng,Chùa Ba Vàng,Quảng Ninh,Quảng Ninh,direct
63,Thác Lựng Xanh,Thác Lựng Xanh,Quảng Ninh,Quảng Ninh,direct
64,Chùa Phổ Am,Chùa Phổ Am,Quảng Ninh,Quảng Ninh,direct
65,Đình Đền Công - chùa Long Khánh - miếu Cổ Linh,Đình Đền Công - chùa Long Khánh - miếu Cổ Linh,Quảng Ninh,Quảng Ninh,direct
66,Di tích danh thắng Yên Tử,danh thắng Yên Tử,Quảng Ninh,Quảng Ninh,direct
67,Văn Miếu - Quốc Tử Giám,Văn Miếu - Quốc Tử Giám,Thành phố Hà Nội,TP. Hà Nội,prefix_district
68,Vườn Dâu Tằm Mỹ Khánh ở An Giang,Vườn Dâu Tằm Mỹ Khánh ở An Giang,Thành phố Long Xuyên,An Giang,prefix_district
69,Du lịch sinh thái Rừng tràm Tân Tuyến,Du lịch sinh thái Rừng tràm Tân Tuyến,Huyện Tri Tôn,An Giang,prefix_district
70,Vườn trái cây Gò Chùa,Vườn trái cây Gò Chùa,Huyện Gò Dầu,Tây Ninh,prefix_district
71,Tháp cổ Bình Thạnh,Tháp cổ Bình Thạnh,Huyện Trảng Bàng,Tây Ninh,prefix_district
72,Công viên nước Thanh Lễ,Công viên nước Thanh Lễ,Bình Dương,TP. Hồ Chí Minh,direct
73,Khu du lịch làng cổ Phước Lộc Thọ,làng cổ Phước Lộc Thọ,Tây Ninh,Tây Ninh,direct
74,Quán Café Gió & Nước Bình Dương,Gió & Nước Bình Dương,Bình Dương,TP. Hồ Chí Minh,direct
75,Cụm du lịch hồ Dầu Tiếng,Cụm du lịch hồ Dầu Tiếng,Bình Dương,TP. Hồ Chí Minh,direct
76,Khu Du Lịch Thủy Châu,Thủy Châu,Bình Dương,TP. Hồ Chí Minh,direct
77,Làng Tre Phú An,Làng Tre Phú An,Bình Dương,TP. Hồ Chí Minh,direct
78,Hàng cau vua Tân Trụ,Hàng cau vua Tân Trụ,Tây Ninh,Tây Ninh,direct
79,Khu du lịch Cánh Đồng Bất Tận,Cánh Đồng Bất Tận,Tây Ninh,Tây Ninh,direct
80,Làng nổi Tân Lập,Làng nổi Tân Lập,Tây Ninh,Tây Ninh,direct
81,Khu Lưu Niệm Nhạc Sĩ Cao Văn Lầu,Nhạc Sĩ Cao Văn Lầu,Bạc Liêu,Cà Mau,direct
82,Vườn chim Bạc Liêu,Vườn chim Bạc Liêu,Bạc Liêu,Cà Mau,direct
83,Khu du lịch Nhà Mát,Nhà Mát,Bạc Liêu,Cà Mau,direct
84,Tháp Chóp Mạt,Tháp Chóp Mạt,Huyện Tân Biên,Tây Ninh,prefix_district
85,Tham quan căn cứ trung ương cục miền Nam,Tham quan căn cứ trung ương cục miền Nam,Huyện Tân Biên,Tây Ninh,prefix_district
86,Khu vui chơi giải trí Sala,Sala,Thành phố Tây Ninh,Tây Ninh,prefix_alias
87,Khu du lịch Ma Thiên Lãnh,Ma Thiên Lãnh,Thành phố Tây Ninh,Tây Ninh,prefix_alias
88,Khu du lịch Long Điền Sơn,Long Điền Sơn,Thành phố Tây Ninh,Tây Ninh,prefix_alias
89,Di tích lịch sử văn hóa chiến thắng Tua Hai,văn hóa chiến thắng Tua Hai,Huyện Châu Thành,TP. Hồ Chí Minh,district
90,Cồn Phú Đa,Cồn Phú Đa,Bến Tre,Vĩnh Long,direct
91,Khu du lịch Làng bè,Làng bè,Bến Tre,Vĩnh Long,direct
92,Khu du lịch Lan Vương,Lan Vương,Bến Tre,Vĩnh Long,direct
93,Bãi biển Thừa Đức Bình Đại,Bãi biển Thừa Đức Bình Đại,Bến Tre,Vĩnh Long,direct
94,Búng Bình Thiên,Búng Bình Thiên,Huyện An Phú,An Giang,prefix_district
95,Khu Sinh thái Nhà Xưa,Nhà Xưa,Vĩnh Long,Vĩnh Long,direct
96,Khu du lịch Vinh Sang,Vinh Sang,Vĩnh Long,Vĩnh Long,direct
97,Khu du lich sinh thái Hoàng Hảo,Hoàng Hảo,Vĩnh Long,Vĩnh Long,direct
98,Chùa cổ Long An,Chùa cổ Long An,Vĩnh Long,Vĩnh Long,direct
99,Chợ nổi Trà Ôn,Chợ nổi Trà Ôn,Vĩnh Long,Vĩnh Long,direct
100,Thác đá Granite,Thác đá Granite,Đắc Nông,Lâm Đồng,direct
101,Núi lửa Băng Mo,Núi lửa Băng Mo,Đắc Nông,Lâm Đồng,direct
102,Di tích lịch sử Ngục Đắk Mil,Ngục Đắk Mil,Đắc Nông,Lâm Đồng,direct
103,Hồ Tây,Hồ Tây,Đắc Nông,Lâm Đồng,direct
104,Di tích Đồi 722,Đồi 722,Đắc Nông,Lâm Đồng,direct
105,Tháp Yang Prong,Tháp Yang Prong,Đắc Lắk,Đắk Lắk,direct
106,Thác Thủy Tiên,Thác Thủy Tiên,Đắc Lắk,Đắk Lắk,direct
107,Thác Dray Nur,Thác Dray Nur,Đắc Lắk,Đắk Lắk,direct
108,Đình Lạc Giao,Đình Lạc Giao,Đắc Lắk,Đắk Lắk,direct
109,Bảo tàng Đắk Lắk,Bảo tàng Đắk Lắk,Đắc Lắk,Đắk Lắk,direct
110,Làng nghề dệt chiếu Hới,Làng nghề dệt chiếu Hới,Thái Bình,Hưng Yên,direct
111,Khu du lịch Cồn Đen,Cồn Đen,Thái Bình,Hưng Yên,direct
112,Lễ hội Đình Sàn,Lễ hội Đình Sàn,Bắc Ninh,Bắc Ninh,direct
113,Thác Háng Tề Chơ,Thác Háng Tề Chơ,Lào Cai,Lào Cai,direct
114,Thác Pú Nhu,Thác Pú Nhu,Lào Cai,Lào Cai,direct
115,Suối Giàng,Suối Giàng,Lào Cai,Lào Cai,direct
116,Thác Pa Sỹ,Thác Pa Sỹ,Kon Tum,Quảng Ngãi,direct
117,Núi Chư Hreng,Núi Chư Hreng,Kon Tum,Quảng Ngãi,direct
118,Khu du lịch Đầm Vạc,Đầm Vạc,Vĩnh Phúc,Phú Thọ,direct
119,Hồ Đăk Ke,Hồ Đăk Ke,Kon Tum,Quảng Ngãi,direct
120,Cầu treo Kon Klor,Cầu treo Kon Klor,Kon Tum,Quảng Ngãi,direct
121,Bảo tàng Kon Tum,Bảo tàng Kon Tum,Kon Tum,Quảng Ngãi,direct
122,Hồ Xạ Hương,Hồ Xạ Hương,Vĩnh Phúc,Phú Thọ,direct
123,Làng gốm Hương Canh,Làng gốm Hương Canh,Vĩnh Phúc,Phú Thọ,direct
124,Khu du lịch Văn hóa Phương Nam - Nam Phương Linh Từ,Văn hóa Phương Nam - Nam Phương Linh Từ,Huyện Lấp Vò,Đồng Tháp,prefix_district
125,Khu di tích Gò Tháp,Gò Tháp,Huyện Tháp Mười,Đồng Tháp,district
126,Chùa Phước Kiển (Chùa Lá Sen),Chùa Phước Kiển,Huyện Châu Thành,TP. Hồ Chí Minh,district
127,Khu du lịch sinh thái Gáo Giồng,Gáo Giồng,Huyện Cao Lãnh,Đồng Tháp,prefix_district
128,Khu du lịch Cánh đồng Hoa Hồng Sa Đéc,Cánh đồng Hoa Hồng Sa Đéc,Thành phố Sa Đéc,Đồng Tháp,district
129,Nhà cổ Huỳnh Thủy Lê,Nhà cổ Huỳnh Thủy Lê,Thành phố Sa Đéc,Đồng Tháp,district
130,Vườn cò Hải Lựu,Vườn cò Hải Lựu,Vĩnh Phúc,Phú Thọ,direct
131,Thác Phú Cường,Thác Phú Cường,Huyện Chư Sê,Gia Lai,prefix_district
132,Thác Lệ Kim,Thác Lệ Kim,Huyện Ia Grai,Gia Lai,prefix_district
133,Thác Chín Tầng,Thác Chín Tầng,Huyện Ia Grai,Gia Lai,prefix_district
134,Thác Bàu Cạn,Thác Bàu Cạn,Huyện Chư Prông,Gia Lai,prefix_district
135,Núi Hàm Rồng,Núi Hàm Rồng Thành phố Pleiku,Thành phố Pleiku,Gia Lai,prefix_district
688,Núi Hàm Rồng,Núi Hàm Rồng Thị xã Sa Pa,Thị xã Sa Pa,Lào Cai,prefix_district
136,Nhà thờ Bác Trạch,Nhà thờ Bác Trạch,Thái Bình,Hưng Yên,direct
137,Làng nhà sàn Thái Hải,Làng nhà sàn Thái Hải,Thái Nguyên,Thái Nguyên,direct
138,Trại ngựa Bá Vân,Trại ngựa Bá Vân,Thái Nguyên,Thái Nguyên,direct
139,Hồ Vai Miếu,Hồ Vai Miếu,Thái Nguyên,Thái Nguyên,direct
140,Thác Khuôn Tát,Thác Khuôn Tát,Thái Nguyên,Thái Nguyên,direct
141,Hồ Ghềnh Chè,Hồ Ghềnh Chè,Thái Nguyên,Thái Nguyên,direct
142,Chùa Hang Thái Nguyên,Chùa Hang Thái Nguyên,Thái Nguyên,Thái Nguyên,direct
143,Đồi chè Tân Cương,Đồi chè Tân Cương,Thái Nguyên,Thái Nguyên,direct
144,Đát Đắng,Đát Đắng,Thái Nguyên,Thái Nguyên,direct
145,Thác Nậm Rứt (Mưa Rơi),Thác Nậm Rứt,Thái Nguyên,Thái Nguyên,direct
146,Thác Prenn,Thác Prenn,Lâm Đồng,Lâm Đồng,direct
147,Thác Gougah,Thác Gougah,Lâm Đồng,Lâm Đồng,direct
148,Làng Cù Lần,Làng Cù Lần,Lâm Đồng,Lâm Đồng,direct
149,Đường hầm điêu khắc,Đường hầm điêu khắc,Lâm Đồng,Lâm Đồng,direct
150,Chùa Linh Phước,Chùa Linh Phước,Lâm Đồng,Lâm Đồng,direct
151,Danh thắng thác Bản Ba,Danh thắng thác Bản Ba,Tuyên Quang,Tuyên Quang,direct
152,Núi Vọng Phu,Núi Vọng Phu,Thanh Hoá,Thanh Hóa,direct
153,Thác Mây,Thác Mây,Thanh Hoá,Thanh Hóa,direct
154,Thác Hiêu,Thác Hiêu,Thanh Hoá,Thanh Hóa,direct
155,Động Kim Sơn,Động Kim Sơn,Thanh Hoá,Thanh Hóa,direct
156,Đền thờ các vua thời Lê Trung Hưng,Đền thờ các vua thời Lê Trung Hưng,Thanh Hoá,Thanh Hóa,direct
157,Khu du lịch Núi Dùm – Cổng Trời,Núi Dùm – Cổng Trời,Tuyên Quang,Tuyên Quang,direct
158,Đền Lê Hoàn,Đền Lê Hoàn,Thanh Hoá,Thanh Hóa,direct
159,Chùa Tạu,Chùa Tạu,Thanh Hoá,Thanh Hóa,direct
160,Ruộng bậc thang Hồng Thái,Ruộng bậc thang Hồng Thái,Tuyên Quang,Tuyên Quang,direct
161,Chùa Phúc Lâm – Dấu tích nhà Phật nơi miền sơn cước,Chùa Phúc Lâm – Dấu tích nhà Phật nơi miền sơn cước,Tuyên Quang,Tuyên Quang,direct
162,Khám phá động Song Long,Khám phá động Song Long,Tuyên Quang,Tuyên Quang,direct
163,Thác Khuổi Nhi – điểm du lịch hấp dẫn,Thác Khuổi Nhi – điểm du lịch hấp dẫn,Tuyên Quang,Tuyên Quang,direct
164,Hang Thắm Nàng Màn,Hang Thắm Nàng Màn,Nghệ An,Nghệ An,direct
165,Di tích Mộ bà Hoàng Thị Loan,Mộ bà Hoàng Thị Loan,Nghệ An,Nghệ An,direct
166,Cụm di tích Làng Sen,Làng Sen,Nghệ An,Nghệ An,direct
167,Cụm di tích Hoàng Trù,Hoàng Trù,Nghệ An,Nghệ An,direct
168,Cánh đồng hoa hướng dương,Cánh đồng hoa hướng dương,Nghệ An,Nghệ An,direct
169,Thác Khe Kèm,Thác Khe Kèm,Nghệ An,Nghệ An,direct
170,Đảo chè Thanh Chương,Đảo chè Thanh Chương,Nghệ An,Nghệ An,direct
171,Danh thắng Thượng Lâm,Danh thắng Thượng Lâm,Tuyên Quang,Tuyên Quang,direct
172,Đền Pác Tạ,Đền Pác Tạ,Tuyên Quang,Tuyên Quang,direct
173,Nhà máy Thủy điện Na Hang,Nhà máy Thủy điện Na Hang,Tuyên Quang,Tuyên Quang,direct
174,Suối khoáng Mỹ Lâm,Suối khoáng Mỹ Lâm,Tuyên Quang,Tuyên Quang,direct
175,Biển Thạch Hải,Biển Thạch Hải,Hà Tĩnh,Hà Tĩnh,direct
176,Chùa Hương Tích,Chùa Hương Tích,Hà Tĩnh,Hà Tĩnh,direct
177,Nhà thờ Hải Thượng Lãn Ông,Nhà thờ Hải Thượng Lãn Ông,Hà Tĩnh,Hà Tĩnh,direct
178,Quần thể khu di tích Hải Thượng Lãn Ông Lê Hữu Trác,Hải Thượng Lãn Ông Lê Hữu Trác,Hà Tĩnh,Hà Tĩnh,direct
179,Thác Vũ Môn,Thác Vũ Môn,Hà Tĩnh,Hà Tĩnh,direct
180,Vườn Quốc gia Vũ Quang,Vũ Quang,Hà Tĩnh,Hà Tĩnh,direct
181,Thành cổ Tuyên Quang,Thành cổ Tuyên Quang,Tuyên Quang,Tuyên Quang,direct
182,Bảo tàng tỉnh Tuyên Quang,Bảo tàng tỉnh Tuyên Quang,Tuyên Quang,Tuyên Quang,direct
183,Lán Nà Nưa,Lán Nà Nưa,Tuyên Quang,Tuyên Quang,direct
184,Nhà lưu niệm Đại tướng Võ Nguyên Giáp,Nhà lưu niệm Đại tướng Võ Nguyên Giáp,Quảng Trị,Quảng Trị,direct
185,Làng Bích Họa Cảnh Dương,Làng Bích Họa Cảnh Dương,Quảng Trị,Quảng Trị,direct
186,Hang Va - Hang Nước Nứt,Hang Va - Hang Nước Nứt,Quảng Trị,Quảng Trị,direct
187,Đèo Ngang,Đèo Ngang,Quảng Trị,Quảng Trị,direct
188,Bãi biển Nhật Lệ,Bãi biển Nhật Lệ,Quảng Trị,Quảng Trị,direct
189,Sông Gianh,Sông Gianh,Quảng Trị,Quảng Trị,direct
190,Động Phong Nha,Động Phong Nha,Quảng Trị,Quảng Trị,direct
191,Bãi Đá Nhảy,Bãi Đá Nhảy,Quảng Trị,Quảng Trị,direct
192,Tượng đường kéo pháo,Tượng đường kéo pháo,Điện Biên,Điện Biên,direct
193,Thị xã Mường Lay,Thị xã Mường Lay,Điện Biên,Điện Biên,direct
194,Tháp Chiềng Sơ,Tháp Chiềng Sơ,Điện Biên,Điện Biên,direct
195,Tây Bắc Bách Hoa Viên,Tây Bắc Bách Hoa Viên,Điện Biên,Điện Biên,direct
196,Nghĩa trang liệt sỹ A1,Nghĩa trang liệt sỹ A1,Điện Biên,Điện Biên,direct
197,Hồ Pá Khoang,Hồ Pá Khoang,Điện Biên,Điện Biên,direct
198,Hang Thẩm Váng,Hang Thẩm Váng,Điện Biên,Điện Biên,direct
199,Động Pê Răng Ky,Động Pê Răng Ky,Điện Biên,Điện Biên,direct
200,Đèo Pha Đin,Đèo Pha Đin,Điện Biên,Điện Biên,direct
201,Cầu Mường Thanh,Cầu Mường Thanh,Điện Biên,Điện Biên,direct
202,Cầu Hang Tôm,Cầu Hang Tôm,Điện Biên,Điện Biên,direct
203,Thánh địa La Vang,Thánh địa La Vang,Huyện Hải Lăng,Quảng Trị,prefix_district
204,Thác Tà Puồng,Thác Tà Puồng,Huyện Hướng Hóa,Quảng Trị,prefix_district
205,Thác Chênh Vênh,Thác Chênh Vênh,Huyện Hướng Hóa,Quảng Trị,prefix_district
206,Mũi Trèo,Mũi Trèo,Huyện Vĩnh Linh,Quảng Trị,prefix_district
207,Làng cổ Bích La,Làng cổ Bích La,Huyện Triệu Phong,Quảng Trị,prefix_district
208,Hang động Brai,Hang động Brai,Huyện Hướng Hóa,Quảng Trị,prefix_district
209,Đảo Cồn Cỏ,Đảo Cồn Cỏ,huyện Cồn Cỏ,Quảng Trị,prefix_district
210,Bãi biển Cửa Việt,Bãi biển Cửa Việt,Huyện Gio Linh,Quảng Trị,prefix_district
211,Nhà thờ Phủ Cam,Nhà thờ Phủ Cam,Thành phố Huế,TP. Huế,prefix_district
212,Hồ Tịnh Tâm,Hồ Tịnh Tâm,Thành phố Huế,TP. Huế,prefix_district
213,Đồi Vọng Cảnh,Đồi Vọng Cảnh,Thành phố Huế,TP. Huế,prefix_district
214,Chùa Từ Đàm,Chùa Từ Đàm,Thành phố Huế,TP. Huế,prefix_district
215,Bảo tàng Hồ Chí Minh Thừa Thiên Huế,Bảo tàng Hồ Chí Minh Thừa Thiên Huế,Thành phố Huế,TP. Huế,prefix_district
216,Vịnh Lăng Cô,Vịnh Lăng Cô,Thành phố Huế,TP. Huế,prefix_district
217,Núi Bạch Mã,Núi Bạch Mã,Thành phố Huế,TP. Huế,prefix_district
218,Khu du lịch Sinh thái Lái Thiêu,Lái Thiêu,Thành phố Đà Nẵng,TP. Đà Nẵng,prefix_district
219,Đình làng Hải Châu,Đình làng Hải Châu,Thành phố Đà Nẵng,TP. Đà Nẵng,prefix_district
220,Công viên Châu Á,Công viên Châu Á,Thành phố Đà Nẵng,TP. Đà Nẵng,prefix_district
221,Chùa Linh Ứng Sơn Trà,Chùa Linh Ứng Sơn Trà,Thành phố Đà Nẵng,TP. Đà Nẵng,prefix_district
222,Bảo tàng văn hóa Phật giáo,Bảo tàng văn hóa Phật giáo,Thành phố Đà Nẵng,TP. Đà Nẵng,prefix_district
223,Bảo tàng Mỹ Thuật Đà Nẵng,Bảo tàng Mỹ Thuật Đà Nẵng,Thành phố Đà Nẵng,TP. Đà Nẵng,prefix_district
224,Thác Ồ Ồ,Thác Ồ Ồ,Quảng Nam,TP. Đà Nẵng,direct
225,Rừng dừa Bảy Mẫu,Rừng dừa Bảy Mẫu,Quảng Nam,TP. Đà Nẵng,direct
226,Quần thể Tượng đài Mẹ Việt Nam anh hùng,Tượng đài Mẹ Việt Nam anh hùng,Quảng Nam,TP. Đà Nẵng,direct
227,Nhà lưu niệm Huỳnh Thúc Kháng,Nhà lưu niệm Huỳnh Thúc Kháng,Quảng Nam,TP. Đà Nẵng,direct
228,Biển Rạng,Biển Rạng,Quảng Nam,TP. Đà Nẵng,direct
229,Vườn Anh Đào Mường Phăng,Vườn Anh Đào Mường Phăng,Điện Biên,Điện Biên,direct
230,Tháp Mường Luân,Tháp Mường Luân,Điện Biên,Điện Biên,direct
231,Thành Bản Phủ,Thành Bản Phủ,Điện Biên,Điện Biên,direct
232,Suối Khoáng Nóng Hua Pe,Suối Khoáng Nóng Hua Pe,Điện Biên,Điện Biên,direct
233,Khu bảo tồn thiên nhiên Mường Nhé,Mường Nhé,Điện Biên,Điện Biên,direct
234,Hang Thẩm Púa,Hang Thẩm Púa,Điện Biên,Điện Biên,direct
235,Hang Mường Tỉnh,Hang Mường Tỉnh,Điện Biên,Điện Biên,direct
236,Động Pa Thơm,Động Pa Thơm,Điện Biên,Điện Biên,direct
237,Động Xá Nhè,Động Xá Nhè,Điện Biên,Điện Biên,direct
238,Đồi Độc Lập,Đồi Độc Lập,Điện Biên,Điện Biên,direct
239,Đồi C1,Đồi C1,Điện Biên,Điện Biên,direct
240,Du lịch cộng đồng Bản Mển,Du lịch cộng đồng Bản Mển,Điện Biên,Điện Biên,direct
241,Biển Quy Nhơn,Biển Quy Nhơn,Gia Lai,Gia Lai,direct
242,Vịnh Cam Ranh,Vịnh Cam Ranh,Khánh Hoà,Khánh Hoà,direct
243,Thác Tà Gụ,Thác Tà Gụ,Khánh Hoà,Khánh Hoà,direct
244,Suối Hoa Lan,Suối Hoa Lan Khánh Hoà,Khánh Hoà,Khánh Hoà,direct
245,Suối Ba Hồ,Suối Ba Hồ,Khánh Hoà,Khánh Hoà,direct
246,Làng cổ Phú Vinh,Làng cổ Phú Vinh,Khánh Hoà,Khánh Hoà,direct
247,Khu di tích Trường Dục Thanh,Trường Dục Thanh,Bình Thuận,Lâm Đồng,direct
248,Tháp nước Phan Thiết,Tháp nước Phan Thiết,Bình Thuận,Lâm Đồng,direct
249,Gành Son,Gành Son,Bình Thuận,Lâm Đồng,direct
250,Đồi cát bay Mũi Né,Đồi cát bay Mũi Né,Bình Thuận,Lâm Đồng,direct
251,Dinh Thầy Thím,Dinh Thầy Thím,Bình Thuận,Lâm Đồng,direct
252,Bàu Trắng,Bàu Trắng,Bình Thuận,Lâm Đồng,direct
253,Bãi biển Mỹ Khê,Bãi biển Mỹ Khê,Quảng Ngãi,Quảng Ngãi,direct
254,Thạch Ky điếu tẩu,Thạch Ky điếu tẩu,Quảng Ngãi,Quảng Ngãi,direct
255,Hang Câu,Hang Câu,Quảng Ngãi,Quảng Ngãi,direct
256,Gành Yến,Gành Yến,Quảng Ngãi,Quảng Ngãi,direct
257,Di tích Chiến thắng Mỏ Cày,Chiến thắng Mỏ Cày,Quảng Ngãi,Quảng Ngãi,direct
258,Bảo tàng Tổng hợp tỉnh Quảng Ngãi,Bảo tàng Tổng hợp tỉnh Quảng Ngãi,Quảng Ngãi,Quảng Ngãi,direct
259,Bãi biển Sa Huỳnh,Bãi biển Sa Huỳnh,Quảng Ngãi,Quảng Ngãi,direct
260,Di tích lịch sử Sơn Mỹ,Sơn Mỹ,Quảng Ngãi,Quảng Ngãi,direct
261,Đảo Lý Sơn,Đảo Lý Sơn,Quảng Ngãi,Quảng Ngãi,direct
262,Thắng cảnh Eo Gió,Thắng cảnh Eo Gió,Gia Lai,Gia Lai,direct
263,Đầm Thị Nại,Đầm Thị Nại,Gia Lai,Gia Lai,direct
264,Khu sinh thái Cồn Chim,Cồn Chim,Gia Lai,Gia Lai,direct
265,Bảo tàng Tổng hợp,Bảo tàng Tổng hợp,Gia Lai,Gia Lai,direct
266,Nhà thờ Mằng Lăng,Nhà thờ Mằng Lăng,Phú Yên,Đắk Lắk,direct
267,Không gian trưng bày Quảng Đức Xưa,Không gian trưng bày Quảng Đức Xưa,Phú Yên,Đắk Lắk,direct
268,Hòn lao Mái Nhà,Hòn lao Mái Nhà,Phú Yên,Đắk Lắk,direct
269,Hòn Chùa,Hòn Chùa,Phú Yên,Đắk Lắk,direct
270,Bảo tàng Phú Yên,Bảo tàng Phú Yên,Phú Yên,Đắk Lắk,direct
271,Núi Đá Bia,Núi Đá Bia,Phú Yên,Đắk Lắk,direct
272,Đồng Cừu An Hòa,Đồng Cừu An Hòa,Ninh Thuận,Khánh Hoà,direct
273,Hòn Đỏ,Hòn Đỏ,Ninh Thuận,Khánh Hoà,direct
274,Vườn nho Ba Mọi,Vườn nho Ba Mọi,Ninh Thuận,Khánh Hoà,direct
275,Cồn cát trắng Tuấn Tú,Cồn cát trắng Tuấn Tú,Ninh Thuận,Khánh Hoà,direct
276,Trùng Sơn Cổ Tự,Trùng Sơn Cổ Tự,Ninh Thuận,Khánh Hoà,direct
277,Tháp Pô Klông Garai,Tháp Pô Klông Garai,Ninh Thuận,Khánh Hoà,direct
278,Sở chỉ huy chiến dịch Điện Biên Phủ,Sở chỉ huy chiến dịch Điện Biên Phủ,Điện Biên,Điện Biên,direct
279,Suối nước nóng U Va,Suối nước nóng U Va,Điện Biên,Điện Biên,direct
280,Cánh đồng Mường Thanh,Cánh đồng Mường Thanh,Điện Biên,Điện Biên,direct
281,Du lịch A Pa Chải,Du lịch A Pa Chải,Điện Biên,Điện Biên,direct
282,Chợ phiên vùng cao Tả Sìn Thàng,Chợ phiên vùng cao Tả Sìn Thàng,Điện Biên,Điện Biên,direct
283,Di tích đồi Him Lam,đồi Him Lam,Điện Biên,Điện Biên,direct
284,Khu di tích hầm Đờ Cát,hầm Đờ Cát,Điện Biên,Điện Biên,direct
285,Hải đăng Mũi Dinh,Hải đăng Mũi Dinh,Ninh Thuận,Khánh Hoà,direct
286,Bảo tàng Ninh Thuận,Bảo tàng Ninh Thuận,Ninh Thuận,Khánh Hoà,direct
287,Khu du lịch sinh thái Sakai,Sakai,Ninh Thuận,Khánh Hoà,direct
288,Làng dệt thổ cẩm Chăm Mỹ Nghiệp,Làng dệt thổ cẩm Chăm Mỹ Nghiệp,Ninh Thuận,Khánh Hoà,direct
289,Làng nghề gốm Bàu Trúc,Làng nghề gốm Bàu Trúc,Ninh Thuận,Khánh Hoà,direct
290,Đền Bà Chúa Kho,Đền Bà Chúa Kho,Thành phố Bắc Ninh,Bắc Ninh,prefix_alias
291,Đền Vua Bà,Đền Vua Bà,Thành phố Bắc Ninh,Bắc Ninh,prefix_alias
292,Đình Đẩu Hàn,Đình Đẩu Hàn,Thành phố Bắc Ninh,Bắc Ninh,prefix_alias
293,Lễ hội chùa Đống Lân,Lễ hội chùa Đống Lân,Cao Bằng,Cao Bằng,direct
294,Chùa Đống Lân,Chùa Đống Lân,Cao Bằng,Cao Bằng,direct
295,Vườn hoa cẩm tú,Vườn hoa cẩm tú,Cao Bằng,Cao Bằng,direct
296,Đèo Mã Phục,Đèo Mã Phục,Cao Bằng,Cao Bằng,direct
297,Lễ hội Đền Vua Lê,Lễ hội Đền Vua Lê,Cao Bằng,Cao Bằng,direct
298,Hồ Thang Hen,Hồ Thang Hen,Cao Bằng,Cao Bằng,direct
299,Vườn Quốc gia Phja Oắc - Phja Đén,Phja Oắc - Phja Đén,Cao Bằng,Cao Bằng,direct
300,Lễ hội Đền Kỳ Sầm,Lễ hội Đền Kỳ Sầm,Cao Bằng,Cao Bằng,direct
301,Lễ hội đền Dẻ Đoóng,Lễ hội đền Dẻ Đoóng,Cao Bằng,Cao Bằng,direct
302,Chùa Phật tích Trúc Lâm Bản Giốc,Chùa Phật tích Trúc Lâm Bản Giốc,Cao Bằng,Cao Bằng,direct
303,Đồn Phai Khắt,Đồn Phai Khắt,Cao Bằng,Cao Bằng,direct
304,Chùa Vân An,Chùa Vân An,Cao Bằng,Cao Bằng,direct
305,Đền Vua Lê,Đền Vua Lê,Cao Bằng,Cao Bằng,direct
306,Lễ hội pháo hoa Quảng Uyên,Lễ hội pháo hoa Quảng Uyên,Cao Bằng,Cao Bằng,direct
307,Lễ hội Thanh Minh,Lễ hội Thanh Minh,Cao Bằng,Cao Bằng,direct
308,Lễ hội Mời Mẹ Trăng,Lễ hội Mời Mẹ Trăng,Cao Bằng,Cao Bằng,direct
309,Lễ hội Lồng Tồng,Lễ hội Lồng Tồng,Cao Bằng,Cao Bằng,direct
310,Khu di tích Chủ tịch Hồ Chí Minh với chiến dịch biên giới 1950,Chủ tịch Hồ Chí Minh với chiến dịch biên giới 1950,Cao Bằng,Cao Bằng,direct
311,Di tích Hoàng Đình Giong,Hoàng Đình Giong,Cao Bằng,Cao Bằng,direct
312,Nhà thờ Chính tòa Bắc Ninh,Nhà thờ Chính tòa Bắc Ninh,Thành phố Bắc Ninh,Bắc Ninh,prefix_alias
313,Giếng Ngọc - Đền Cùng,Giếng Ngọc - Đền Cùng,Thành phố Bắc Ninh,Bắc Ninh,prefix_alias
314,Làng tranh Đông Hồ,Làng tranh Đông Hồ,Huyện Thuận Thành,Bắc Ninh,prefix_district
315,Lăng Kinh Dương Vương,Lăng Kinh Dương Vương,Huyện Thuận Thành,Bắc Ninh,prefix_district
316,Thành cổ Luy Lâu,Thành cổ Luy Lâu,Huyện Thuận Thành,Bắc Ninh,prefix_district
317,Văn Miếu Bắc Ninh,Văn Miếu Bắc Ninh,Thành phố Bắc Ninh,Bắc Ninh,prefix_alias
318,Đền Dẻ Đoóng,Đền Dẻ Đoóng,Cao Bằng,Cao Bằng,direct
319,Khu di tích anh hùng liệt sỹ Kim Đồng,anh hùng liệt sỹ Kim Đồng,Cao Bằng,Cao Bằng,direct
320,Đền Kỳ Sầm,Đền Kỳ Sầm,Cao Bằng,Cao Bằng,direct
321,Làng rèn Phúc Sen,Làng rèn Phúc Sen,Cao Bằng,Cao Bằng,direct
322,Di tích Pắc Bó,Pắc Bó,Cao Bằng,Cao Bằng,direct
323,Khu di tích rừng Trần Hưng Đạo,rừng Trần Hưng Đạo,Cao Bằng,Cao Bằng,direct
324,Khu di tích Đông Khê,Đông Khê,Cao Bằng,Cao Bằng,direct
325,Động Ngườm Ngao,Động Ngườm Ngao,Cao Bằng,Cao Bằng,direct
326,Thác Bản Giốc,Thác Bản Giốc,Cao Bằng,Cao Bằng,direct
327,Thành cổ Bắc Ninh,Thành cổ Bắc Ninh,Thành phố Bắc Ninh,Bắc Ninh,prefix_alias
328,Chùa Tiêu Sơn,Chùa Tiêu Sơn,Thị xã Từ Sơn,Bắc Ninh,prefix_district
329,Chùa Sùng Phúc,Chùa Sùng Phúc,Cao Bằng,Cao Bằng,direct
330,Chùa Đà Quận,Chùa Đà Quận,Cao Bằng,Cao Bằng,direct
331,Lễ hội chùa Phật Tích,Lễ hội chùa Phật Tích Huyện Tiên Du,Huyện Tiên Du,Bắc Ninh,prefix_district
332,Lễ hội chùa Dâu,Lễ hội chùa Dâu,Huyện Thuận Thành,Bắc Ninh,prefix_district
333,Lễ hội đình Đình Bảng,Lễ hội đình Đình Bảng,Thị xã Từ Sơn,Bắc Ninh,prefix_district
334,Lễ hội làng tranh Đông Hồ,Lễ hội làng tranh Đông Hồ,Huyện Thuận Thành,Bắc Ninh,prefix_district
335,Lễ hội đền Vua bà,Lễ hội đền Vua bà,Thành phố Bắc Ninh,Bắc Ninh,prefix_alias
336,Lễ hội đền Bà Chúa Kho,Lễ hội đền Bà Chúa Kho,Thành phố Bắc Ninh,Bắc Ninh,prefix_alias
337,Lễ hội chùa Bút Tháp,Lễ hội chùa Bút Tháp,Huyện Thuận Thành,Bắc Ninh,prefix_district
338,Làng quan họ Viêm Xá,Làng quan họ Viêm Xá,Thành phố Bắc Ninh,Bắc Ninh,prefix_alias
339,Làng nghề đúc đồng Đại Bái,Làng nghề đúc đồng Đại Bái,Huyện Gia Bình,Bắc Ninh,prefix_district
340,Lễ hội làng Đồng Kỵ,Lễ hội làng Đồng Kỵ,Thị xã Từ Sơn,Bắc Ninh,prefix_district
341,Đền thờ Lê Phụng Hiểu,Đền thờ Lê Phụng Hiểu,Thành phố Bắc Ninh,Bắc Ninh,prefix_alias
342,Chùa Phúc Lâm,Chùa Phúc Lâm Huyện Tiên Du,Huyện Tiên Du,Bắc Ninh,prefix_district
415,Chùa Phúc Lâm,Chùa Phúc Lâm Hưng Yên,Hưng Yên,Hưng Yên,direct
343,Đình - Chùa Khúc Toại,Đình - Chùa Khúc Toại,Thành phố Bắc Ninh,Bắc Ninh,prefix_alias
344,Chùa Dạm,Chùa Dạm,Thành phố Bắc Ninh,Bắc Ninh,prefix_alias
345,Chùa Đại Bi,Chùa Đại Bi,Huyện Gia Bình,Bắc Ninh,prefix_district
346,Hội Lim,Hội Lim,Huyện Tiên Du,Bắc Ninh,prefix_district
347,Lễ hội đền Đô,Lễ hội đền Đô,Thị xã Từ Sơn,Bắc Ninh,prefix_district
348,Chùa Tổ (Phúc Nghiêm tự),Chùa Tổ,Huyện Thuận Thành,Bắc Ninh,prefix_district
349,Chùa Tam Sơn,Chùa Tam Sơn,Thị xã Từ Sơn,Bắc Ninh,prefix_district
350,Thác Roọm,Thác Roọm,Bắc Kạn,Thái Nguyên,direct
351,Thác Đầu Đẳng,Thác Đầu Đẳng Bắc Kạn,Bắc Kạn,Thái Nguyên,direct
352,Đền Thắm,Đền Thắm,Bắc Kạn,Thái Nguyên,direct
353,Điểm du lịch Phya Khao,Phya Khao,Bắc Kạn,Thái Nguyên,direct
354,Chùa Thạch Long,Chùa Thạch Long,Bắc Kạn,Thái Nguyên,direct
355,Vườn Quốc Gia Ba Bể,Ba Bể Bắc Kạn,Bắc Kạn,Thái Nguyên,direct
356,Di tích Đèo Giàng,Đèo Giàng,Bắc Kạn,Thái Nguyên,direct
357,Chợ tình Xuân Dương,Chợ tình Xuân Dương,Bắc Kạn,Thái Nguyên,direct
358,Lễ hội Lồng tồng,Lễ hội Lồng tồng,Bắc Kạn,Thái Nguyên,direct
359,Lễ hội Đền Từ Hả,Lễ hội Đền Từ Hả,Bắc Ninh,Bắc Ninh,direct
360,Lễ hội Thổ Hà,Lễ hội Thổ Hà,Bắc Ninh,Bắc Ninh,direct
361,Lễ hội Yên Thế,Lễ hội Yên Thế,Bắc Ninh,Bắc Ninh,direct
362,Lễ hội Suối Mỡ,Lễ hội Suối Mỡ,Bắc Ninh,Bắc Ninh,direct
363,Làng gốm Thổ Hà,Làng gốm Thổ Hà,Bắc Ninh,Bắc Ninh,direct
364,Khu di tích Khởi nghĩa Yên Thế,Khởi nghĩa Yên Thế,Bắc Ninh,Bắc Ninh,direct
365,Cây dã hương nghìn năm tuổi,Cây dã hương nghìn năm tuổi,Bắc Ninh,Bắc Ninh,direct
366,Hồ Khe Chão,Hồ Khe Chão,Bắc Ninh,Bắc Ninh,direct
367,Chùa Kim Tràng,Chùa Kim Tràng,Bắc Ninh,Bắc Ninh,direct
368,Chùa Vẽ,Chùa Vẽ,Bắc Ninh,Bắc Ninh,direct
369,Đền Nguyệt Hồ,Đền Nguyệt Hồ,Bắc Ninh,Bắc Ninh,direct
370,Thác Ba Tia,Thác Ba Tia,Bắc Ninh,Bắc Ninh,direct
371,Cánh Đồng Hoa Hướng Dương,Cánh Đồng Hoa Hướng Dương,Bắc Ninh,Bắc Ninh,direct
372,Khu Du Lịch Sinh Thái Đồng Thông,Đồng Thông,Bắc Ninh,Bắc Ninh,direct
373,Khu bảo tồn thiên nhiên Tây Yên Tử,Tây Yên Tử Bắc Ninh,Bắc Ninh,Bắc Ninh,direct
374,Lăng Dinh Hương,Lăng Dinh Hương,Bắc Ninh,Bắc Ninh,direct
375,Thác nước Hang Chiêng - Khe Nương Dâu,Thác nước Hang Chiêng - Khe Nương Dâu,Bắc Ninh,Bắc Ninh,direct
376,Thành cổ Xương Giang,Thành cổ Xương Giang,Bắc Ninh,Bắc Ninh,direct
378,Lễ hội Xuân Ba Bể,Lễ hội Xuân Ba Bể,Bắc Kạn,Thái Nguyên,direct
379,"Khu ATK, Chợ Đồn Bắc Kạn","Khu ATK, Chợ Đồn Bắc Kạn",Bắc Kạn,Thái Nguyên,direct
380,Di tích Đồn Phủ Thông,Đồn Phủ Thông,Bắc Kạn,Thái Nguyên,direct
381,Khu di tích lịch sử Nà Tu,lịch sử Nà Tu,Bắc Kạn,Thái Nguyên,direct
382,Khu Bảo Tồn Thiên Nhiên Kim Hỷ,Kim Hỷ,Bắc Kạn,Thái Nguyên,direct
383,Hồ Sinh Thái Bản Chang,Hồ Sinh Thái Bản Chang,Bắc Kạn,Thái Nguyên,direct
384,Đèo Gió,Đèo Gió,Bắc Kạn,Thái Nguyên,direct
385,Thác Nà Khoang,Thác Nà Khoang,Bắc Kạn,Thái Nguyên,direct
386,Động Hua Mạ,Động Hua Mạ,Bắc Kạn,Thái Nguyên,direct
387,Động Nàng Tiên,Động Nàng Tiên,Bắc Kạn,Thái Nguyên,direct
388,Động Nả Phoòng,Động Nả Phoòng,Bắc Kạn,Thái Nguyên,direct
389,Đền An Mã,Đền An Mã,Bắc Kạn,Thái Nguyên,direct
390,Thác Bạc bản Vàng,Thác Bạc bản Vàng,Bắc Kạn,Thái Nguyên,direct
391,Bản Du Lịch Pác Ngòi,Bản Du Lịch Pác Ngòi,Bắc Kạn,Thái Nguyên,direct
392,Đảo Bà Góa,Đảo Bà Góa,Bắc Kạn,Thái Nguyên,direct
393,Ao Tiên,Ao Tiên,Bắc Kạn,Thái Nguyên,direct
394,Làng nghề tương Bần,Làng nghề tương Bần,Hưng Yên,Hưng Yên,direct
395,Làng nghề Đúc đồng Lộng Thượng,Làng nghề Đúc đồng Lộng Thượng,Hưng Yên,Hưng Yên,direct
396,Hồ Bán Nguyệt,Hồ Bán Nguyệt,Hưng Yên,Hưng Yên,direct
397,Đình Đa Ngưu - Đình trăm cột,Đình Đa Ngưu - Đình trăm cột,Hưng Yên,Hưng Yên,direct
398,Đền Phượng Hoàng,Đền Phượng Hoàng Hưng Yên,Hưng Yên,Hưng Yên,direct
399,Cụm di tích đền Đa Hòa - đền Dạ Trạch - cửa Hàm Tử - Bãi Sậy,đền Đa Hòa - đền Dạ Trạch - cửa Hàm Tử - Bãi Sậy,Hưng Yên,Hưng Yên,direct
400,Chùa Thái Lạc,Chùa Thái Lạc,Hưng Yên,Hưng Yên,direct
401,Chùa Phú Thị,Chùa Phú Thị,Hưng Yên,Hưng Yên,direct
402,Chùa Hương Lãng,Chùa Hương Lãng,Hưng Yên,Hưng Yên,direct
403,Văn Miếu Hưng Yên,Văn Miếu Hưng Yên,Hưng Yên,Hưng Yên,direct
404,Làng Rượu Vân Hà,Làng Rượu Vân Hà,Bắc Ninh,Bắc Ninh,direct
405,Núi Dành,Núi Dành,Bắc Ninh,Bắc Ninh,direct
406,Làng nghề Thổ Hà,Làng nghề Thổ Hà,Bắc Ninh,Bắc Ninh,direct
407,Hồ Cấm Sơn,Hồ Cấm Sơn,Bắc Ninh,Bắc Ninh,direct
408,Làng Nôm,Làng Nôm,Hưng Yên,Hưng Yên,direct
409,Làng nghề đan đó Thủ Sỹ,Làng nghề đan đó Thủ Sỹ,Hưng Yên,Hưng Yên,direct
410,Đồng Cao Bắc Giang,Đồng Cao Bắc Giang,Bắc Ninh,Bắc Ninh,direct
411,Đền Thiên Hậu,Đền Thiên Hậu,Hưng Yên,Hưng Yên,direct
412,Đền Quốc Mẫu Âu Cơ,Đền Quốc Mẫu Âu Cơ,Hưng Yên,Hưng Yên,direct
413,Bản Đá Húc,Bản Đá Húc,Bắc Ninh,Bắc Ninh,direct
416,Chùa Chuông,Chùa Chuông,Hưng Yên,Hưng Yên,direct
417,Mộ Cổ Đống Thếch,Mộ Cổ Đống Thếch,Hoà Bình,Phú Thọ,direct
418,Hang Chiều,Hang Chiều,Hoà Bình,Phú Thọ,direct
419,Động Thác Bờ,Động Thác Bờ Hoà Bình,Hoà Bình,Phú Thọ,direct
420,Đền Bồng Lai,Đền Bồng Lai,Hoà Bình,Phú Thọ,direct
421,Bản Văn Mai Châu,Bản Văn Mai Châu,Hoà Bình,Phú Thọ,direct
422,Bản Pom Coọng,Bản Pom Coọng,Hoà Bình,Phú Thọ,direct
423,Bản Ngòi,Bản Ngòi,Hoà Bình,Phú Thọ,direct
424,Bản Giang Mỗ,Bản Giang Mỗ,Hoà Bình,Phú Thọ,direct
425,Bản Đá Bia,Bản Đá Bia,Hoà Bình,Phú Thọ,direct
426,Bản Bước,Bản Bước,Hoà Bình,Phú Thọ,direct
427,Hồ Hoàn Kiếm,Hồ Hoàn Kiếm,Thành phố Hà Nội,TP. Hà Nội,prefix_district
428,Quần đảo Nam Du,Quần đảo Nam Du,An Giang,An Giang,direct
429,Hòn Một,Hòn Một,An Giang,An Giang,direct
430,Hòn Gầm Ghì,Hòn Gầm Ghì,An Giang,An Giang,direct
431,Hòn Mây Rút,Hòn Mây Rút,An Giang,An Giang,direct
432,Côn Đảo,Côn Đảo,Bà Rịa - Vũng Tàu,TP. Hồ Chí Minh,direct
433,Hòn Móng Tay,Hòn Móng Tay,An Giang,An Giang,direct
434,Hòn Thơm,Hòn Thơm,An Giang,An Giang,direct
435,Hồ Tà Pạ,Hồ Tà Pạ,Huyện Tri Tôn,An Giang,prefix_district
436,Rừng tràm Trà Sư,Rừng tràm Trà Sư Huyện Tịnh Biên,Huyện Tịnh Biên,An Giang,prefix_district
437,Cánh đồng Tà Pạ,Cánh đồng Tà Pạ,Huyện Tri Tôn,An Giang,prefix_district
438,Cồn Phụng (Cồn Đạo Dừa),Cồn Phụng,Bến Tre,Vĩnh Long,direct
439,Đồng sen Tháp Mười,Đồng sen Tháp Mười,Huyện Tháp Mười,Đồng Tháp,district
440,Vườn Quốc gia Tràm Chim,Tràm Chim,Huyện Tam Nông,Đồng Tháp,prefix_district
441,Làng hoa Sa Đéc,Làng hoa Sa Đéc,Thành phố Sa Đéc,Đồng Tháp,district
442,Thác Voi,Thác Voi,Bình Phước,Đồng Nai,direct
443,Bãi biển Hồ Cốc,Bãi biển Hồ Cốc,Bà Rịa - Vũng Tàu,TP. Hồ Chí Minh,direct
444,Thung Nai,Thung Nai,Hoà Bình,Phú Thọ,direct
445,Khu Du lịch Sinh thái Vàm Sát,Vàm Sát,Thành phố Hồ Chí Minh,TP. Hồ Chí Minh,prefix_district
446,Thung lũng Mai Châu,Thung lũng Mai Châu,Hoà Bình,Phú Thọ,direct
447,Vườn quốc gia Nam Cát Tiên,Nam Cát Tiên,Lâm Đồng,Lâm Đồng,direct
448,"Nhà trưng bày hiện vật, cổ vật văn hoá Thái","Nhà trưng bày hiện vật, cổ vật văn hoá Thái",Hoà Bình,Phú Thọ,direct
449,Lũng Vân,Lũng Vân,Hoà Bình,Phú Thọ,direct
450,Đèo Long Lanh,Đèo Long Lanh,Lâm Đồng,Lâm Đồng,direct
451,Thác Đambri,Thác Đambri,Lâm Đồng,Lâm Đồng,direct
452,Động Thiên Long,Động Thiên Long,Hoà Bình,Phú Thọ,direct
453,Cánh đồng Cẩm Tú Cầu,Cánh đồng Cẩm Tú Cầu,Lâm Đồng,Lâm Đồng,direct
454,Động Hoa Tiên,Động Hoa Tiên,Hoà Bình,Phú Thọ,direct
455,Động Đá Bạc,Động Đá Bạc Hoà Bình,Hoà Bình,Phú Thọ,direct
456,Di tích lịch sử Nhà máy in tiền,Nhà máy in tiền,Hoà Bình,Phú Thọ,direct
457,Đèo Đá Trắng,Đèo Đá Trắng,Hoà Bình,Phú Thọ,direct
458,Bảo tàng không gian văn hóa Mường,Bảo tàng không gian văn hóa Mường,Hoà Bình,Phú Thọ,direct
459,Ba Khan,Ba Khan,Hoà Bình,Phú Thọ,direct
460,Thiền viện Trúc Lâm Hậu Giang,Thiền viện Trúc Lâm Hậu Giang,Hậu Giang,TP. Cần Thơ,direct
461,Rừng Tràm Vị Thủy - Khu du lịch sinh thái Việt Úc,Rừng Tràm Vị Thủy - Khu du lịch sinh thái Việt Úc,Hậu Giang,TP. Cần Thơ,direct
462,Làng trầu Vị Thủy,Làng trầu Vị Thủy,Hậu Giang,TP. Cần Thơ,direct
463,Khu du lịch sinh thái Tầm Vu,Tầm Vu,Hậu Giang,TP. Cần Thơ,direct
464,Khu căn cứ Tỉnh ủy (căn cứ Bà Bái),Khu căn cứ Tỉnh ủy,Hậu Giang,TP. Cần Thơ,direct
465,Khu Bảo tồn Thiên nhiên Lung Ngọc Hoàng,Lung Ngọc Hoàng,Hậu Giang,TP. Cần Thơ,direct
466,Di tích lịch sử quốc gia đặc biệt Chiến thắng Chương Thiện,Chiến thắng Chương Thiện,Hậu Giang,TP. Cần Thơ,direct
467,Đền thờ Bác Hồ,Đền thờ Bác Hồ,Hậu Giang,TP. Cần Thơ,direct
468,Chùa Aranhứt,Chùa Aranhứt,Hậu Giang,TP. Cần Thơ,direct
469,Hải đăng Kê Gà,Hải đăng Kê Gà,Bình Thuận,Lâm Đồng,direct
470,Núi lửa Chư Đăng Ya,Núi lửa Chư Đăng Ya,Huyện Chư Păh,Gia Lai,prefix_district
471,Hồ T’Nưng,Hồ T’Nưng,Thành phố Pleiku,Gia Lai,prefix_district
472,Biển Hồ chè,Biển Hồ chè,Huyện KBang,Gia Lai,prefix_district
473,Núi Ngọc Linh,Núi Ngọc Linh,Kon Tum,Quảng Ngãi,direct
474,Thác Dray Sáp,Thác Dray Sáp,Đắc Nông,Lâm Đồng,direct
475,Hồ Tà Đùng,Hồ Tà Đùng,Đắc Nông,Lâm Đồng,direct
476,Linh Sơn Viên Giác Tự,Linh Sơn Viên Giác Tự,Thành phố Hải Phòng,TP. Hải Phòng,prefix_district
477,Thác Pongour,Thác Pongour,Lâm Đồng,Lâm Đồng,direct
478,Hồ Tuyền Lâm,Hồ Tuyền Lâm,Lâm Đồng,Lâm Đồng,direct
479,Khu Di tích núi Voi,núi Voi,Thành phố Hải Phòng,TP. Hải Phòng,prefix_district
480,Cung đường Tà Năng,Cung đường Tà Năng,Lâm Đồng,Lâm Đồng,direct
481,Núi Lang Bian,Núi Lang Bian,Lâm Đồng,Lâm Đồng,direct
482,Cù Lao Câu,Cù Lao Câu,Bình Thuận,Lâm Đồng,direct
483,Chùa Cao Linh,Chùa Cao Linh,Thành phố Hải Phòng,TP. Hải Phòng,prefix_district
484,Bãi biển Kỳ Co,Bãi biển Kỳ Co,Gia Lai,Gia Lai,direct
485,Cù lao Chàm,Cù lao Chàm,Quảng Nam,TP. Đà Nẵng,direct
486,Phá Tam Giang,Phá Tam Giang,Thành phố Huế,TP. Huế,prefix_district
487,Sông Hương,Sông Hương,Thành phố Huế,TP. Huế,prefix_district
488,Động Thiên Đường,Động Thiên Đường,Quảng Trị,Quảng Trị,direct
489,Hang Sơn Đoòng,Hang Sơn Đoòng,Quảng Trị,Quảng Trị,direct
490,Hang Én,Hang Én,Quảng Trị,Quảng Trị,direct
491,Biển Cổ Thạch,Biển Cổ Thạch,Bình Thuận,Lâm Đồng,direct
492,Đồi cát Nam Cương,Đồi cát Nam Cương,Ninh Thuận,Khánh Hoà,direct
493,Hang Rái,Hang Rái,Ninh Thuận,Khánh Hoà,direct
494,Vịnh Vĩnh Hy,Vịnh Vĩnh Hy,Ninh Thuận,Khánh Hoà,direct
495,Vườn Quốc Gia Cát Bà,Cát Bà,Thành phố Hải Phòng,TP. Hải Phòng,prefix_district
496,Vịnh Lan Hạ,Vịnh Lan Hạ,Thành phố Hải Phòng,TP. Hải Phòng,prefix_district
497,Quán Hoa,Quán Hoa,Thành phố Hải Phòng,TP. Hải Phòng,prefix_district
498,Quần đảo Cát Bà,Quần đảo Cát Bà,Thành phố Hải Phòng,TP. Hải Phòng,prefix_district
499,Làng Chài Việt Hải,Làng Chài Việt Hải,Thành phố Hải Phòng,TP. Hải Phòng,prefix_district
500,Đền Bà Đế,Đền Bà Đế,Thành phố Hải Phòng,TP. Hải Phòng,prefix_district
501,Khu tưởng niệm Vương triều Mạc,Khu tưởng niệm Vương triều Mạc,Thành phố Hải Phòng,TP. Hải Phòng,prefix_district
502,Bãi biển Cửa Lò,Bãi biển Cửa Lò,Nghệ An,Nghệ An,direct
503,Khu bảo tồn thiên nhiên Pù Luông,Pù Luông,Thanh Hoá,Thanh Hóa,direct
504,Khu du lịch sinh thái Tràng An,Tràng An,Ninh Bình,Ninh Bình,direct
505,Tam Cốc - Bích Động,Tam Cốc - Bích Động,Ninh Bình,Ninh Bình,direct
506,Bản Lác - Mai Châu,Bản Lác - Mai Châu,Hoà Bình,Phú Thọ,direct
507,Đảo Điệp Sơn,Đảo Điệp Sơn,Khánh Hoà,Khánh Hoà,direct
508,Đảo Bình Ba,Đảo Bình Ba,Khánh Hoà,Khánh Hoà,direct
509,Đảo Bình Hưng,Đảo Bình Hưng,Khánh Hoà,Khánh Hoà,direct
510,Thác Yang Bay,Thác Yang Bay,Khánh Hoà,Khánh Hoà,direct
511,Biển Đại Lãnh,Biển Đại Lãnh,Khánh Hoà,Khánh Hoà,direct
512,Hòn Yến,Hòn Yến,Phú Yên,Đắk Lắk,direct
513,Hòn Nưa,Hòn Nưa,Phú Yên,Đắk Lắk,direct
514,Chùa Tháp Tường Long,Chùa Tháp Tường Long,Thành phố Hải Phòng,TP. Hải Phòng,prefix_district
515,Cù Lao Xanh,Cù Lao Xanh,Gia Lai,Gia Lai,direct
516,Thác K50,Thác K50,Huyện KBang,Gia Lai,prefix_district
517,Ghềnh Đá Đĩa,Ghềnh Đá Đĩa,Phú Yên,Đắk Lắk,direct
518,Bãi Xép,Bãi Xép,Phú Yên,Đắk Lắk,direct
519,Chùa Phổ Chiếu,Chùa Phổ Chiếu,Thành phố Hải Phòng,TP. Hải Phòng,prefix_district
520,Chùa Đỏ (Linh Độ Tự),Chùa Đỏ,Thành phố Hải Phòng,TP. Hải Phòng,prefix_district
521,Bến nghiêng - Bến tàu không số,Bến nghiêng - Bến tàu không số,Thành phố Hải Phòng,TP. Hải Phòng,prefix_district
522,Hồ Ba Bể,Hồ Ba Bể,Bắc Kạn,Thái Nguyên,direct
523,Bãi biển Hoàng Hậu,Bãi biển Hoàng Hậu,Gia Lai,Gia Lai,direct
524,Đèo Mã Pì Lèng,Đèo Mã Pì Lèng,Hà Giang,Tuyên Quang,direct
525,Núi đôi Quản Bạ,Núi đôi Quản Bạ,Hà Giang,Tuyên Quang,direct
527,Đền Đại Cại - núi Hắc Y,Đền Đại Cại - núi Hắc Y,Lào Cai,Lào Cai,direct
528,Vườn thú Hà Nội,Vườn thú Hà Nội,Thành phố Hà Nội,TP. Hà Nội,prefix_district
529,Điểm du lịch làng nghề sinh vật cảnh Hồng Vân,làng nghề sinh vật cảnh Hồng Vân,Thành phố Hà Nội,TP. Hà Nội,prefix_district
530,Điểm du lịch làng nghề may Vân Từ,làng nghề may Vân Từ,Thành phố Hà Nội,TP. Hà Nội,prefix_district
531,Điểm du lịch làng nghề khảm trai - sơn mài Chuyên Mỹ,làng nghề khảm trai - sơn mài Chuyên Mỹ,Thành phố Hà Nội,TP. Hà Nội,prefix_district
532,Điểm du lịch Di tích Lịch sử nhà tù Hỏa Lò,nhà tù Hỏa Lò,Thành phố Hà Nội,TP. Hà Nội,prefix_district
533,Làng gốm Bát Tràng,Làng gốm Bát Tràng,Thành phố Hà Nội,TP. Hà Nội,prefix_district
534,Làng cổ Đường Lâm,Làng cổ Đường Lâm,Thành phố Hà Nội,TP. Hà Nội,prefix_district
535,Điểm du lịch Bảo tàng Lịch sử quốc gia,Bảo tàng Lịch sử quốc gia,Thành phố Hà Nội,TP. Hà Nội,prefix_district
536,Bảo tàng Lịch sử Quân sự (Bảo tàng Quân Đội),Bảo tàng Lịch sử Quân sự,Thành phố Hà Nội,TP. Hà Nội,prefix_district
537,Công viên Thiên đường Bảo Sơn,Công viên Thiên đường Bảo Sơn Thành phố Hà Nội,Thành phố Hà Nội,TP. Hà Nội,prefix_district
538,Khu du lịch sinh thái nước khoáng nóng Tiên Lãng,nước khoáng nóng Tiên Lãng,Thành phố Hải Phòng,TP. Hải Phòng,prefix_district
539,Khu di tích Trạng Trình Nguyễn Bỉnh Khiêm,Trạng Trình Nguyễn Bỉnh Khiêm,Thành phố Hải Phòng,TP. Hải Phòng,prefix_district
540,Trung tâm Văn hóa Huyền Trân,Huyền Trân Thành phố Huế,Thành phố Huế,TP. Huế,prefix_district
541,Cầu Ngói Thanh Toàn,Cầu Ngói Thanh Toàn,Thành phố Huế,TP. Huế,prefix_district
542,Nhà vườn Lương Quán – Nguyệt Biều,Nhà vườn Lương Quán – Nguyệt Biều,Thành phố Huế,TP. Huế,prefix_district
543,Làng Cổ Phước Tích,Làng Cổ Phước Tích,Thành phố Huế,TP. Huế,prefix_district
544,Điểm du lịch sinh thái Đầm Chuồn,sinh thái Đầm Chuồn,Thành phố Huế,TP. Huế,prefix_district
545,Làng nghề truyền thống Hoa giấy Thanh Tiên – Tranh dân gian Làng Sình,Hoa giấy Thanh Tiên – Tranh dân gian Làng Sình,Thành phố Huế,TP. Huế,prefix_district
546,Điểm du lịch sinh thái YesHue Eco,sinh thái YesHue Eco,Thành phố Huế,TP. Huế,prefix_district
547,Hồ Truồi,Hồ Truồi,Thành phố Huế,TP. Huế,prefix_district
548,Thác Nhị Hồ,Thác Nhị Hồ,Thành phố Huế,TP. Huế,prefix_district
549,Bảo tàng Lịch sử thành phố Hồ Chí Minh,Bảo tàng Lịch sử thành phố Hồ Chí Minh,Thành phố Hồ Chí Minh,TP. Hồ Chí Minh,prefix_district
550,Chợ Bến Thành,Chợ Bến Thành,Thành phố Hồ Chí Minh,TP. Hồ Chí Minh,prefix_district
551,Nhà trưng bày Hoàng Sa,Nhà trưng bày Hoàng Sa,Thành phố Đà Nẵng,TP. Đà Nẵng,prefix_district
552,Thắng cảnh Hương Sơn,Thắng cảnh Hương Sơn,Thành phố Hà Nội,TP. Hà Nội,prefix_district
553,Thắng cảnh Tràng Kênh,Thắng cảnh Tràng Kênh,Thành phố Hải Phòng,TP. Hải Phòng,prefix_district
554,Cảng cá - Chợ cá Thuận Phước,Cảng cá - Chợ cá Thuận Phước,Thành phố Đà Nẵng,TP. Đà Nẵng,prefix_district
555,Làng cổ Tuý Loan,Làng cổ Tuý Loan,Thành phố Đà Nẵng,TP. Đà Nẵng,prefix_district
556,Đền Nghè,Đền Nghè,Thành phố Hải Phòng,TP. Hải Phòng,prefix_district
557,Khu Bảo tồn sinh quyển thế giới Cát Bà,Khu Bảo tồn sinh quyển thế giới Cát Bà,Thành phố Hải Phòng,TP. Hải Phòng,prefix_district
558,Thành phố Hải Phòng,Thành phố Hải Phòng,Thành phố Hải Phòng,TP. Hải Phòng,prefix_district
559,Biệt thự Bảo Đại,Biệt thự Bảo Đại,Thành phố Hải Phòng,TP. Hải Phòng,prefix_district
560,Nghĩa trang Khuê Trung,Nghĩa trang Khuê Trung,Thành phố Đà Nẵng,TP. Đà Nẵng,prefix_district
561,Đình Nại Nam,Đình Nại Nam,Thành phố Đà Nẵng,TP. Đà Nẵng,prefix_district
562,Nhà thờ phái chư tộc Quá Giáng,Nhà thờ phái chư tộc Quá Giáng,Thành phố Đà Nẵng,TP. Đà Nẵng,prefix_district
563,Thành Điện Hải,Thành Điện Hải,Thành phố Đà Nẵng,TP. Đà Nẵng,prefix_district
564,Mộ Ông Ích Khiêm,Mộ Ông Ích Khiêm,Thành phố Đà Nẵng,TP. Đà Nẵng,prefix_district
565,Cung Thể thao Tiên Sơn,Cung Thể thao Tiên Sơn,Thành phố Đà Nẵng,TP. Đà Nẵng,prefix_district
566,Đình Bồ Bản,Đình Bồ Bản,Thành phố Đà Nẵng,TP. Đà Nẵng,prefix_district
567,Đình Tuý Loan,Đình Tuý Loan,Thành phố Đà Nẵng,TP. Đà Nẵng,prefix_district
568,Làng đá mỹ nghệ Non Nước,Làng đá mỹ nghệ Non Nước,Thành phố Đà Nẵng,TP. Đà Nẵng,prefix_district
569,Bãi biển Nam Ô,Bãi biển Nam Ô,Thành phố Đà Nẵng,TP. Đà Nẵng,prefix_district
570,Bảo tàng điêu khắc Chămpa,Bảo tàng điêu khắc Chămpa,Thành phố Đà Nẵng,TP. Đà Nẵng,prefix_district
571,Bà Nà - Núi Chúa,Bà Nà - Núi Chúa,Thành phố Đà Nẵng,TP. Đà Nẵng,prefix_district
572,Ngũ Hành Sơn,Ngũ Hành Sơn,Thành phố Đà Nẵng,TP. Đà Nẵng,prefix_district
573,Đình Hàng Kênh,Đình Hàng Kênh,Thành phố Hải Phòng,TP. Hải Phòng,prefix_district
574,Bãi biển Ðồ Sơn,Bãi biển Ðồ Sơn,Thành phố Hải Phòng,TP. Hải Phòng,prefix_district
575,Chùa Tam Thai,Chùa Tam Thai,Thành phố Đà Nẵng,TP. Đà Nẵng,prefix_district
576,Đèo Hải Vân,Đèo Hải Vân,Thành phố Đà Nẵng,TP. Đà Nẵng,prefix_district
577,Khu bảo tồn thiên nhiên Sơn Trà,Sơn Trà,Thành phố Đà Nẵng,TP. Đà Nẵng,prefix_district
578,Lễ hội Cá Ông,Lễ hội Cá Ông,Thành phố Đà Nẵng,TP. Đà Nẵng,prefix_district
579,Bảo tàng Hồ Chí Minh,Bảo tàng Hồ Chí Minh Thành phố Đà Nẵng,Thành phố Đà Nẵng,TP. Đà Nẵng,prefix_district
661,Bảo tàng Hồ Chí Minh,Bảo tàng Hồ Chí Minh Thành phố Hà Nội,Thành phố Hà Nội,TP. Hà Nội,prefix_district
580,Bến Ninh Kiều,Bến Ninh Kiều,Thành phố Cần Thơ,TP. Cần Thơ,prefix_district
581,Thiền viện Trúc Lâm Phương Nam,Thiền viện Trúc Lâm Phương Nam,Thành phố Cần Thơ,TP. Cần Thơ,prefix_district
582,Chùa Nam Nhã,Chùa Nam Nhã,Thành phố Cần Thơ,TP. Cần Thơ,prefix_district
583,Du lịch vườn Cần Thơ,Du lịch vườn Cần Thơ,Thành phố Cần Thơ,TP. Cần Thơ,prefix_district
584,Đình Bình Thủy,Đình Bình Thủy,Thành phố Cần Thơ,TP. Cần Thơ,prefix_district
585,Chợ nổi Cái Răng,Chợ nổi Cái Răng,Thành phố Cần Thơ,TP. Cần Thơ,prefix_district
586,Nhà cổ Bình Thủy,Nhà cổ Bình Thủy,Thành phố Cần Thơ,TP. Cần Thơ,prefix_district
587,Chùa Ông,Chùa Ông Thành phố Cần Thơ,Thành phố Cần Thơ,TP. Cần Thơ,prefix_district
815,Chùa Ông,Chùa Ông Quảng Nam,Quảng Nam,TP. Đà Nẵng,direct
588,Bảo tàng Phụ nữ Nam Bộ,Bảo tàng Phụ nữ Nam Bộ,Thành phố Hồ Chí Minh,TP. Hồ Chí Minh,prefix_district
589,Bảo tàng Mỹ thuật Tp. Hồ Chí Minh,Bảo tàng Mỹ thuật Tp. Hồ Chí Minh,Thành phố Hồ Chí Minh,TP. Hồ Chí Minh,prefix_district
590,Bảo tàng chứng tích chiến tranh,Bảo tàng chứng tích chiến tranh,Thành phố Hồ Chí Minh,TP. Hồ Chí Minh,prefix_district
591,Đền Ngọc Sơn,Đền Ngọc Sơn,Thành phố Hà Nội,TP. Hà Nội,prefix_district
592,Lăng Đồng Khánh,Lăng Đồng Khánh,Thành phố Huế,TP. Huế,prefix_district
593,Hội quán Quảng Đông,Hội quán Quảng Đông,Quảng Nam,TP. Đà Nẵng,direct
594,Bãi biển Sầm Sơn,Bãi biển Sầm Sơn,Thanh Hoá,Thanh Hóa,direct
595,Chùa Quán Sứ,Chùa Quán Sứ,Thành phố Hà Nội,TP. Hà Nội,prefix_district
596,Hồ Đa Nhim - Đèo Ngoạn Mục,Hồ Đa Nhim - Đèo Ngoạn Mục,Lâm Đồng,Lâm Đồng,direct
597,Bãi biển Cửa Tùng,Bãi biển Cửa Tùng,Huyện Vĩnh Linh,Quảng Trị,prefix_district
598,Suối nước khoáng Mỹ An,Suối nước khoáng Mỹ An,Thành phố Huế,TP. Huế,prefix_district
599,Khu di tích lăng Mạc Cửu,lăng Mạc Cửu,An Giang,An Giang,direct
600,Cầu Trường Tiền,Cầu Trường Tiền,Thành phố Huế,TP. Huế,prefix_district
601,Vườn quốc gia Bạch Mã,Bạch Mã,Thành phố Huế,TP. Huế,prefix_district
602,Lăng Dục Ðức,Lăng Dục Ðức,Thành phố Huế,TP. Huế,prefix_district
603,Lăng Gia Long (Thiên Thọ Lăng),Lăng Gia Long,Thành phố Huế,TP. Huế,prefix_district
604,Núi Ngự Bình,Núi Ngự Bình,Thành phố Huế,TP. Huế,prefix_district
606,Làng Dương Nỗ,Làng Dương Nỗ,Thành phố Huế,TP. Huế,prefix_district
607,Làng cổ Phước Tích,Làng cổ Phước Tích,Thành phố Huế,TP. Huế,prefix_district
608,Chùa Thiên Mụ,Chùa Thiên Mụ,Thành phố Huế,TP. Huế,prefix_district
609,Cửu vị thần công,Cửu vị thần công,Thành phố Huế,TP. Huế,prefix_district
610,Lăng Minh Mạng,Lăng Minh Mạng,Thành phố Huế,TP. Huế,prefix_district
611,Ngọ Môn,Ngọ Môn,Thành phố Huế,TP. Huế,prefix_district
612,Chợ Đông Ba,Chợ Đông Ba,Thành phố Huế,TP. Huế,prefix_district
613,Lăng Tự Ðức (Khiêm Lăng),Lăng Tự Ðức,Thành phố Huế,TP. Huế,prefix_district
614,Lăng Khải Định (Ứng Lăng),Lăng Khải Định,Thành phố Huế,TP. Huế,prefix_district
615,Bãi biển Thuận An,Bãi biển Thuận An,Thành phố Huế,TP. Huế,prefix_district
616,Bãi biển Lăng Cô,Bãi biển Lăng Cô,Thành phố Huế,TP. Huế,prefix_district
617,Hiển Lâm Các,Hiển Lâm Các,Thành phố Huế,TP. Huế,prefix_district
618,Bảo tàng Mỹ thuật Cung đình Huế,Bảo tàng Mỹ thuật Cung đình Huế,Thành phố Huế,TP. Huế,prefix_district
619,Kinh thành Huế,Kinh thành Huế,Thành phố Huế,TP. Huế,prefix_district
620,Kỳ Ðài Huế,Kỳ Ðài Huế,Thành phố Huế,TP. Huế,prefix_district
621,Nhà vườn An Hiển,Nhà vườn An Hiển,Thành phố Huế,TP. Huế,prefix_district
622,Cung An Định,Cung An Định,Thành phố Huế,TP. Huế,prefix_district
623,Văn Miếu Huế,Văn Miếu Huế,Thành phố Huế,TP. Huế,prefix_district
624,Thế Miếu,Thế Miếu,Thành phố Huế,TP. Huế,prefix_district
625,Làng nón Phú Cam,Làng nón Phú Cam,Thành phố Huế,TP. Huế,prefix_district
626,Thái Bình Lâu,Thái Bình Lâu,Thành phố Huế,TP. Huế,prefix_district
627,Bãi biển Cảnh Dương,Bãi biển Cảnh Dương,Thành phố Huế,TP. Huế,prefix_district
628,Ðàn Nam Giao,Ðàn Nam Giao,Thành phố Huế,TP. Huế,prefix_district
629,Nhà thờ dòng chúa Cứu Thế,Nhà thờ dòng chúa Cứu Thế,Thành phố Huế,TP. Huế,prefix_district
630,Khu nghỉ dưỡng suối nước khoáng nóng Thanh Tân,suối nước khoáng nóng Thanh Tân,Thành phố Huế,TP. Huế,prefix_district
632,Khu du lịch và vườn Quốc gia Ba Vì,Ba Vì,Thành phố Hà Nội,TP. Hà Nội,prefix_district
633,Việt phủ Thành Chương,Việt phủ Thành Chương,Thành phố Hà Nội,TP. Hà Nội,prefix_district
634,Bảo tàng Phụ nữ Việt Nam,Bảo tàng Phụ nữ Việt Nam,Thành phố Hà Nội,TP. Hà Nội,prefix_district
635,Thành cổ Sơn Tây,Thành cổ Sơn Tây,Thành phố Hà Nội,TP. Hà Nội,prefix_district
636,Làng mây tre đan Phú Vinh,Làng mây tre đan Phú Vinh,Thành phố Hà Nội,TP. Hà Nội,prefix_district
637,Làng lụa Vạn Phúc,Làng lụa Vạn Phúc,Thành phố Hà Nội,TP. Hà Nội,prefix_district
638,Chùa Trấn Quốc,Chùa Trấn Quốc,Thành phố Hà Nội,TP. Hà Nội,prefix_district
639,Cầu Long Biên,Cầu Long Biên,Thành phố Hà Nội,TP. Hà Nội,prefix_district
640,Bảo tàng Mỹ thuật Việt Nam,Bảo tàng Mỹ thuật Việt Nam,Thành phố Hà Nội,TP. Hà Nội,prefix_district
641,Làng Văn hóa - Du lịch các dân tộc Việt Nam,Làng Văn hóa - Du lịch các dân tộc Việt Nam,Thành phố Hà Nội,TP. Hà Nội,prefix_district
642,Nhà hát lớn Hà Nội,Nhà hát lớn Hà Nội,Thành phố Hà Nội,TP. Hà Nội,prefix_district
643,Bảo tàng Dân tộc học Việt Nam,Bảo tàng Dân tộc học Việt Nam,Thành phố Hà Nội,TP. Hà Nội,prefix_district
644,Chùa Một Cột,Chùa Một Cột,Thành phố Hà Nội,TP. Hà Nội,prefix_district
645,Chùa Trăm Gian,Chùa Trăm Gian,Thành phố Hà Nội,TP. Hà Nội,prefix_district
646,Hồ Trúc Bạch,Hồ Trúc Bạch,Thành phố Hà Nội,TP. Hà Nội,prefix_district
647,Thành phố Hà Nội,Thành phố Hà Nội,Thành phố Hà Nội,TP. Hà Nội,prefix_district
648,Chùa Trầm,Chùa Trầm,Thành phố Hà Nội,TP. Hà Nội,prefix_district
649,Làng đúc đồng Ngũ Xã,Làng đúc đồng Ngũ Xã,Thành phố Hà Nội,TP. Hà Nội,prefix_district
650,Làng rối nước Đào Thục,Làng rối nước Đào Thục,Thành phố Hà Nội,TP. Hà Nội,prefix_district
651,Khu phố cổ Hà Nội,Khu phố cổ Hà Nội,Thành phố Hà Nội,TP. Hà Nội,prefix_district
652,Đình Tây Đằng,Đình Tây Đằng,Thành phố Hà Nội,TP. Hà Nội,prefix_district
653,Trung tâm Hội nghị Quốc gia,Hội nghị Quốc gia,Thành phố Hà Nội,TP. Hà Nội,prefix_district
654,Khu du lịch rừng tự nhiên Bằng Tạ,rừng tự nhiên Bằng Tạ,Thành phố Hà Nội,TP. Hà Nội,prefix_district
655,Công viên Thống Nhất,Công viên Thống Nhất,Thành phố Hà Nội,TP. Hà Nội,prefix_district
656,Chùa Vạn Niên,Chùa Vạn Niên,Thành phố Hà Nội,TP. Hà Nội,prefix_district
657,Làng nghề mỹ nghệ Sơn Đồng,Làng nghề mỹ nghệ Sơn Đồng,Thành phố Hà Nội,TP. Hà Nội,prefix_district
658,Khu du lịch Đồng Mô,Đồng Mô,Thành phố Hà Nội,TP. Hà Nội,prefix_district
659,Quảng trường Ba Đình,Quảng trường Ba Đình,Thành phố Hà Nội,TP. Hà Nội,prefix_district
660,Sân golf Đồng Mô,Sân golf Đồng Mô,Thành phố Hà Nội,TP. Hà Nội,prefix_district
662,Hậu Lâu,Hậu Lâu,Thành phố Hà Nội,TP. Hà Nội,prefix_district
663,Khu du lịch sinh thái Thác Đa,Thác Đa,Thành phố Hà Nội,TP. Hà Nội,prefix_district
664,Lễ hội chùa Hương,Lễ hội chùa Hương,Thành phố Hà Nội,TP. Hà Nội,prefix_district
665,Công viên nước Đầm Sen,Công viên nước Đầm Sen,Thành phố Hồ Chí Minh,TP. Hồ Chí Minh,prefix_district
666,Chùa Giác Lâm,Chùa Giác Lâm,Thành phố Hồ Chí Minh,TP. Hồ Chí Minh,prefix_district
667,Chùa Linh Sơn,Chùa Linh Sơn Thành phố Hồ Chí Minh,Thành phố Hồ Chí Minh,TP. Hồ Chí Minh,prefix_district
704,Chùa Linh Sơn,Chùa Linh Sơn Lâm Đồng,Lâm Đồng,Lâm Đồng,direct
668,Dinh Độc Lập,Dinh Độc Lập,Thành phố Hồ Chí Minh,TP. Hồ Chí Minh,prefix_district
669,Nhà hát thành phố Hồ Chí Minh,Nhà hát thành phố Hồ Chí Minh,Thành phố Hồ Chí Minh,TP. Hồ Chí Minh,prefix_district
670,Làng du lịch Bình Quới,Làng du lịch Bình Quới,Thành phố Hồ Chí Minh,TP. Hồ Chí Minh,prefix_district
671,Ðịa đạo Củ Chi,Ðịa đạo Củ Chi,Thành phố Hồ Chí Minh,TP. Hồ Chí Minh,prefix_district
672,Chùa Vĩnh Nghiêm,Chùa Vĩnh Nghiêm Thành phố Hồ Chí Minh,Thành phố Hồ Chí Minh,TP. Hồ Chí Minh,prefix_district
944,Chùa Vĩnh Nghiêm,Chùa Vĩnh Nghiêm Bắc Ninh,Bắc Ninh,Bắc Ninh,direct
673,Khu du lịch Suối Tiên,Suối Tiên Thành phố Hồ Chí Minh,Thành phố Hồ Chí Minh,TP. Hồ Chí Minh,prefix_district
962,Suối Tiên,Suối Tiên Bà Rịa - Vũng Tàu,Bà Rịa - Vũng Tàu,TP. Hồ Chí Minh,direct
674,Nhà thờ Chợ Quán,Nhà thờ Chợ Quán,Thành phố Hồ Chí Minh,TP. Hồ Chí Minh,prefix_district
675,Chùa Xá Lợi,Chùa Xá Lợi,Thành phố Hồ Chí Minh,TP. Hồ Chí Minh,prefix_district
676,Đền thờ Trần Hưng Đạo,Đền thờ Trần Hưng Đạo,Thành phố Hồ Chí Minh,TP. Hồ Chí Minh,prefix_district
677,Nhà thờ Thánh Phanxicô Xaviê (Nhà thờ Cha Tam),Nhà thờ Thánh Phanxicô Xaviê,Thành phố Hồ Chí Minh,TP. Hồ Chí Minh,prefix_district
678,Khu du lịch Một Thoáng Việt Nam,Một Thoáng Việt Nam,Thành phố Hồ Chí Minh,TP. Hồ Chí Minh,prefix_district
679,Bát Bửu Phật Đài,Bát Bửu Phật Đài,Thành phố Hồ Chí Minh,TP. Hồ Chí Minh,prefix_district
680,Thảo Cầm Viên,Thảo Cầm Viên,Thành phố Hồ Chí Minh,TP. Hồ Chí Minh,prefix_district
681,Chợ Bình Tây,Chợ Bình Tây,Thành phố Hồ Chí Minh,TP. Hồ Chí Minh,prefix_district
682,Phố đi bộ Nguyễn Huệ,Phố đi bộ Nguyễn Huệ,Thành phố Hồ Chí Minh,TP. Hồ Chí Minh,prefix_district
683,Núi Mẫu Sơn,Núi Mẫu Sơn,Lạng Sơn,Lạng Sơn,direct
684,Động Tam Thanh,Động Tam Thanh,Lạng Sơn,Lạng Sơn,direct
685,Thành cổ Nghị Lang,Thành cổ Nghị Lang,Huyện Bảo Yên,Lai Châu,prefix_district
686,Vườn Quốc gia Hoàng Liên,Hoàng Liên,Thị xã Sa Pa,Lào Cai,prefix_district
687,Chợ phiên Bắc Hà,Chợ phiên Bắc Hà,Huyện Bắc Hà,Lai Châu,prefix_district
689,Làng Cát Cát ở Sa Pa,Làng Cát Cát ở Sa Pa,Thị xã Sa Pa,Lào Cai,prefix_district
690,Dinh Hoàng A Tưởng (Lâu đài Hoàng Yến Chao),Dinh Hoàng A Tưởng,Huyện Bắc Hà,Lai Châu,prefix_district
691,Thung lũng hoa Bắc Hà,Thung lũng hoa Bắc Hà,Huyện Bắc Hà,Lai Châu,prefix_district
692,Bản Dền,Bản Dền,Thị xã Sa Pa,Lào Cai,prefix_district
693,Động Hàm Rồng,Động Hàm Rồng,Huyện Mường Khương,Lai Châu,prefix_district
694,Chợ Cao Sơn,Chợ Cao Sơn,Huyện Mường Khương,Lai Châu,prefix_district
695,Nhà thờ Đà Lạt,Nhà thờ Đà Lạt,Lâm Đồng,Lâm Đồng,direct
696,Hồ Suối Vàng,Hồ Suối Vàng,Lâm Đồng,Lâm Đồng,direct
697,Thành phố Đà Lạt,Thành phố Đà Lạt,Lâm Đồng,Lâm Đồng,direct
698,Thác Đatanla,Thác Đatanla,Lâm Đồng,Lâm Đồng,direct
699,Chợ Đà Lạt,Chợ Đà Lạt,Lâm Đồng,Lâm Đồng,direct
700,Hồ Than Thở,Hồ Than Thở,Lâm Đồng,Lâm Đồng,direct
701,Chùa Linh Phong (Chùa sư nữ),Chùa Linh Phong,Lâm Đồng,Lâm Đồng,direct
702,Vườn hoa Đà Lạt,Vườn hoa Đà Lạt,Lâm Đồng,Lâm Đồng,direct
703,Thung lũng Tình yêu,Thung lũng Tình yêu,Lâm Đồng,Lâm Đồng,direct
705,Khu du lịch sinh thái Núi Voi,Núi Voi,Lâm Đồng,Lâm Đồng,direct
706,Thác Liêng Rơwoa (Thác Voi),Thác Liêng Rơwoa,Lâm Đồng,Lâm Đồng,direct
707,Khu bảo tồn đất ngập nước Láng Sen,Khu bảo tồn đất ngập nước Láng Sen,Tây Ninh,Tây Ninh,direct
708,Cụm di tích Bình Tả,Bình Tả,Tây Ninh,Tây Ninh,direct
709,Chùa Tôn Thạnh,Chùa Tôn Thạnh,Tây Ninh,Tây Ninh,direct
710,Sìn Hồ,Sìn Hồ,Lai Châu,Lai Châu,direct
711,Chợ rừng Dào San,Chợ rừng Dào San,Lai Châu,Lai Châu,direct
712,Chùa Phổ Minh,Chùa Phổ Minh,Nam Định,Ninh Bình,direct
713,Vườn quốc gia Xuân Thủy,Xuân Thủy,Nam Định,Ninh Bình,direct
714,Chùa Cổ Lễ,Chùa Cổ Lễ,Nam Định,Ninh Bình,direct
715,Nhà thờ gỗ Kon Tum,Nhà thờ gỗ Kon Tum,Kon Tum,Quảng Ngãi,direct
716,Vườn quốc gia Chư Mom Ray,Chư Mom Ray,Kon Tum,Quảng Ngãi,direct
717,Ngục Kon Tum,Ngục Kon Tum,Kon Tum,Quảng Ngãi,direct
718,Đền Cuông,Đền Cuông,Nghệ An,Nghệ An,direct
719,Vườn quốc gia Pù Mát,Pù Mát,Nghệ An,Nghệ An,direct
720,Khu di tích lịch sử Truông Bồn,lịch sử Truông Bồn,Nghệ An,Nghệ An,direct
721,Khu du lịch núi Quyết,núi Quyết,Nghệ An,Nghệ An,direct
722,Chợ vùng biên Nậm Cắn,Chợ vùng biên Nậm Cắn,Nghệ An,Nghệ An,direct
723,Đền Quả Sơn,Đền Quả Sơn,Nghệ An,Nghệ An,direct
724,Buôn Jun,Buôn Jun,Đắc Lắk,Đắk Lắk,direct
725,Hang Thẩm Ồm,Hang Thẩm Ồm,Nghệ An,Nghệ An,direct
726,Khu du lịch sinh thái biển Bãi Lữ,biển Bãi Lữ,Nghệ An,Nghệ An,direct
727,Thắng cảnh Thạch Động,Thắng cảnh Thạch Động,An Giang,An Giang,direct
728,Nhà tù Phú Quốc,Nhà tù Phú Quốc,An Giang,An Giang,direct
729,Thắng cảnh Hà Tiên,Thắng cảnh Hà Tiên,An Giang,An Giang,direct
730,Vườn Quốc gia Phú Quốc,Phú Quốc,An Giang,An Giang,direct
731,Vườn Quốc gia U Minh Thượng,U Minh Thượng,An Giang,An Giang,direct
732,Công viên Vinpearl Safari Phú Quốc,Công viên Vinpearl Safari Phú Quốc,An Giang,An Giang,direct
733,Vườn Quốc gia Cúc Phương,Cúc Phương,Ninh Bình,Ninh Bình,direct
734,Khu du lịch sinh thái vườn chim Thung Nham,vườn chim Thung Nham,Ninh Bình,Ninh Bình,direct
735,Suối nước nóng Kênh Gà,Suối nước nóng Kênh Gà,Ninh Bình,Ninh Bình,direct
736,Nhà thờ Phát Diệm,Nhà thờ Phát Diệm,Ninh Bình,Ninh Bình,direct
737,Khu bảo tồn thiên nhiên đất ngập nước Vân Long,đất ngập nước Vân Long,Ninh Bình,Ninh Bình,direct
738,Động Thiên Hà,Động Thiên Hà,Ninh Bình,Ninh Bình,direct
739,Tháp Bà Ponagar,Tháp Bà Ponagar,Khánh Hoà,Khánh Hoà,direct
740,Vịnh Vân Phong,Vịnh Vân Phong,Khánh Hoà,Khánh Hoà,direct
741,Vịnh Nha Trang,Vịnh Nha Trang,Khánh Hoà,Khánh Hoà,direct
742,Nhà thờ Đá Nha Trang,Nhà thờ Đá Nha Trang,Khánh Hoà,Khánh Hoà,direct
743,Trung tâm Du lịch Suối khoáng nóng Tháp Bà Nha Trang,Du lịch Suối khoáng nóng Tháp Bà Nha Trang,Khánh Hoà,Khánh Hoà,direct
744,Viện Hải Dương Học,Viện Hải Dương Học,Khánh Hoà,Khánh Hoà,direct
745,Khu du lịch Con Sẻ Tre,Con Sẻ Tre,Khánh Hoà,Khánh Hoà,direct
746,Khu du lịch Hòn Ngọc Việt,Hòn Ngọc Việt,Khánh Hoà,Khánh Hoà,direct
747,Khu du lịch Hồ cá Trí Nguyên,Hồ cá Trí Nguyên,Khánh Hoà,Khánh Hoà,direct
748,Văn miếu Diên Khánh,Văn miếu Diên Khánh,Khánh Hoà,Khánh Hoà,direct
749,Đền thờ Trần Quý Cáp,Đền thờ Trần Quý Cáp,Khánh Hoà,Khánh Hoà,direct
750,Thành cổ Diên Khánh,Thành cổ Diên Khánh,Khánh Hoà,Khánh Hoà,direct
752,Bán đảo Đầm Môn,Bán đảo Đầm Môn,Khánh Hoà,Khánh Hoà,direct
753,Bia Võ Cạnh,Bia Võ Cạnh,Khánh Hoà,Khánh Hoà,direct
754,Khu du lịch Vĩnh Hy,Vĩnh Hy,Ninh Thuận,Khánh Hoà,direct
755,Tháp Hòa Lai,Tháp Hòa Lai,Ninh Thuận,Khánh Hoà,direct
756,Tháp Pôrômê,Tháp Pôrômê,Ninh Thuận,Khánh Hoà,direct
757,Làng du lịch Cà Ná,Làng du lịch Cà Ná,Ninh Thuận,Khánh Hoà,direct
758,Phố Hiến,Phố Hiến,Hưng Yên,Hưng Yên,direct
759,Đền Chử Đồng Tử,Đền Chử Đồng Tử,Hưng Yên,Hưng Yên,direct
760,Chùa Hiến,Chùa Hiến,Hưng Yên,Hưng Yên,direct
761,Đền Đậu An,Đền Đậu An,Hưng Yên,Hưng Yên,direct
762,Chùa Nễ Châu,Chùa Nễ Châu,Hưng Yên,Hưng Yên,direct
763,Đền Mẫu,Đền Mẫu,Hưng Yên,Hưng Yên,direct
764,Đền Ghênh,Đền Ghênh,Hưng Yên,Hưng Yên,direct
765,Suối nước nóng Kim Bôi,Suối nước nóng Kim Bôi,Hoà Bình,Phú Thọ,direct
766,Hang Mỏ Luông (Hang Bộ Đội),Hang Mỏ Luông,Hoà Bình,Phú Thọ,direct
767,Thủy điện Hòa Bình,Thủy điện Hòa Bình,Hoà Bình,Phú Thọ,direct
768,Bản dân tộc Mường,Bản dân tộc Mường,Hoà Bình,Phú Thọ,direct
770,Đền Quốc mẫu Âu Cơ,Đền Quốc mẫu Âu Cơ,Phú Thọ,Phú Thọ,direct
771,Vườn quốc gia Xuân Sơn,Xuân Sơn,Phú Thọ,Phú Thọ,direct
772,Động Tiên Phi,Động Tiên Phi,Hoà Bình,Phú Thọ,direct
773,Đầm Ao Châu,Đầm Ao Châu,Phú Thọ,Phú Thọ,direct
774,Núi Thắm,Núi Thắm,Phú Thọ,Phú Thọ,direct
775,Khu di tích đền Hùng,đền Hùng,Phú Thọ,Phú Thọ,direct
776,Chợ nổi Phụng Hiệp,Chợ nổi Phụng Hiệp,Hậu Giang,TP. Cần Thơ,direct
777,Vũng Rô,Vũng Rô,Phú Yên,Đắk Lắk,direct
778,Đầm Ô Loan,Đầm Ô Loan,Phú Yên,Đắk Lắk,direct
779,Tháp Nhạn,Tháp Nhạn,Phú Yên,Đắk Lắk,direct
780,Bãi Môn - Mũi Đại Lãnh,Bãi Môn - Mũi Đại Lãnh,Phú Yên,Đắk Lắk,direct
781,Địa đạo Gò Thì Thùng,Địa đạo Gò Thì Thùng,Phú Yên,Đắk Lắk,direct
782,Khu di tích Phượng Hoàng,Phượng Hoàng,Hải Dương,TP. Hải Phòng,direct
783,Khu di tích danh thắng Côn Sơn,danh thắng Côn Sơn,Hải Dương,TP. Hải Phòng,direct
784,Đảo Cò Chi Lăng Nam,Đảo Cò Chi Lăng Nam,Hải Dương,TP. Hải Phòng,direct
785,Đền thờ Chu Văn An,Đền thờ Chu Văn An,Hải Dương,TP. Hải Phòng,direct
786,Đền Kiếp Bạc,Đền Kiếp Bạc,Hải Dương,TP. Hải Phòng,direct
787,Suối Nước Moọc,Suối Nước Moọc,Quảng Trị,Quảng Trị,direct
788,Di sản thiên nhiên thế giới Phong Nha - Kẻ Bàng,Di sản thiên nhiên thế giới Phong Nha - Kẻ Bàng,Quảng Trị,Quảng Trị,direct
789,Khu mộ Đại tướng Võ Nguyên Giáp,Khu mộ Đại tướng Võ Nguyên Giáp,Quảng Trị,Quảng Trị,direct
790,Suối nước khoáng nóng Bang,Suối nước khoáng nóng Bang,Quảng Trị,Quảng Trị,direct
791,Hang Tối,Hang Tối,Quảng Trị,Quảng Trị,direct
792,Hồ Kẻ Gỗ,Hồ Kẻ Gỗ,Hà Tĩnh,Hà Tĩnh,direct
793,Núi Hồng Lĩnh,Núi Hồng Lĩnh,Hà Tĩnh,Hà Tĩnh,direct
794,Khu di tích thanh niên xung phong Ngã ba Đồng Lộc,thanh niên xung phong Ngã ba Đồng Lộc,Hà Tĩnh,Hà Tĩnh,direct
795,Núi Thiên Cầm,Núi Thiên Cầm,Hà Tĩnh,Hà Tĩnh,direct
796,Khu lưu niệm cụ Nguyễn Du,cụ Nguyễn Du,Hà Tĩnh,Hà Tĩnh,direct
797,Đền Chiêu Trưng,Đền Chiêu Trưng,Hà Tĩnh,Hà Tĩnh,direct
798,Bãi biển Xuân Thành,Bãi biển Xuân Thành,Hà Tĩnh,Hà Tĩnh,direct
799,Chùa và hồ Thiên Tượng,Chùa và hồ Thiên Tượng,Hà Tĩnh,Hà Tĩnh,direct
800,Đền Trúc - Ngũ Động Sơn,Đền Trúc - Ngũ Động Sơn,Hà Nam,Ninh Bình,direct
801,Chùa Bà Đanh- Núi Ngọc,Chùa Bà Đanh - Núi Ngọc,Hà Nam,Ninh Bình,direct
802,Khu phố cổ Hội An,Khu phố cổ Hội An,Quảng Nam,TP. Đà Nẵng,direct
803,Làng nghề đúc đồng Phước Kiều,Làng nghề đúc đồng Phước Kiều,Quảng Nam,TP. Đà Nẵng,direct
804,Chùa Long Đọi Sơn,Chùa Long Đọi Sơn,Hà Nam,Ninh Bình,direct
805,Làng gốm Thanh Hà,Làng gốm Thanh Hà,Quảng Nam,TP. Đà Nẵng,direct
806,Di sản văn hóa Mỹ Sơn,Di sản văn hóa Mỹ Sơn,Quảng Nam,TP. Đà Nẵng,direct
807,Thành phố Hội An,Thành phố Hội An,Quảng Nam,TP. Đà Nẵng,direct
808,Làng rau Trà Quế,Làng rau Trà Quế,Quảng Nam,TP. Đà Nẵng,direct
809,Tháp Chiên Đàn,Tháp Chiên Đàn,Quảng Nam,TP. Đà Nẵng,direct
810,Chùa Phước Lâm,Chùa Phước Lâm,Quảng Nam,TP. Đà Nẵng,direct
811,Sông Thu Bồn,Sông Thu Bồn,Quảng Nam,TP. Đà Nẵng,direct
812,Hòn Kẽm Đá Dừng,Hòn Kẽm Đá Dừng,Quảng Nam,TP. Đà Nẵng,direct
813,Cẩm Nam - Khu du lịch miệt vườn,Cẩm Nam - Khu du lịch miệt vườn,Quảng Nam,TP. Đà Nẵng,direct
814,Hồ Phú Ninh,Hồ Phú Ninh,Quảng Nam,TP. Đà Nẵng,direct
816,Du lịch sinh thái Thuận Tình,Du lịch sinh thái Thuận Tình,Quảng Nam,TP. Đà Nẵng,direct
817,Bãi biển Tam Thanh,Bãi biển Tam Thanh,Quảng Nam,TP. Đà Nẵng,direct
818,Cột cờ Lũng Cú,Cột cờ Lũng Cú,Hà Giang,Tuyên Quang,direct
819,Hang Phương Thiện,Hang Phương Thiện,Hà Giang,Tuyên Quang,direct
820,Dinh thự họ Vương,Dinh thự họ Vương,Hà Giang,Tuyên Quang,direct
821,Công viên địa chất Cao nguyên đá Đồng Văn,Công viên địa chất Cao nguyên đá Đồng Văn,Hà Giang,Tuyên Quang,direct
822,Công viên Đồng Xanh,Công viên Đồng Xanh,Thành phố Pleiku,Gia Lai,prefix_district
823,Thác Xung Khoeng,Thác Xung Khoeng,Huyện Chư Prông,Gia Lai,prefix_district
824,Vườn Quốc gia Kon Ka Kinh,Kon Ka Kinh,,Gia Lai,district
825,Chùa Bửu Nghiêm,Chùa Bửu Nghiêm,Thành phố Pleiku,Gia Lai,prefix_district
826,Thủy điện Yaly,Thủy điện Yaly,Huyện Chư Păh,Gia Lai,prefix_district
827,Khu di tích cụ Phó bảng Nguyễn Sinh Sắc,cụ Phó bảng Nguyễn Sinh Sắc,Thành phố Cao Lãnh,Đồng Tháp,prefix_district
828,Xẻo Quýt - khu di tích lịch sử - sinh thái rừng tràm,Xẻo Quýt - khu di tích lịch sử - sinh thái rừng tràm,Huyện Cao Lãnh,Đồng Tháp,prefix_district
829,Mộ cổ Hàng Gòn,Mộ cổ Hàng Gòn,Đồng Nai,Đồng Nai,direct
830,Chùa Bửu Phong,Chùa Bửu Phong,Đồng Nai,Đồng Nai,direct
831,Khu du lịch Bửu Long - hồ Long Ẩn,Bửu Long - hồ Long Ẩn,Đồng Nai,Đồng Nai,direct
832,Vườn quốc gia Cát Tiên,Cát Tiên,Đồng Nai,Đồng Nai,direct
833,Chùa Ngọa Vân,Chùa Ngọa Vân,Quảng Ninh,Quảng Ninh,direct
834,Bảo tàng chiến thắng Điện Biên Phủ,Bảo tàng chiến thắng Điện Biên Phủ,Điện Biên,Điện Biên,direct
835,Đồi A1,Đồi A1,Điện Biên,Điện Biên,direct
836,Khu căn cứ quân sự Khe Sanh,Khu căn cứ quân sự Khe Sanh,Huyện Hướng Hóa,Quảng Trị,prefix_district
837,Thành cổ Quảng Trị,Thành cổ Quảng Trị,Thị xã Quảng Trị,Quảng Trị,prefix_alias
838,Cụm di tích lịch sử Đôi bờ cầu Hiền Lương - Bến Hải,Đôi bờ cầu Hiền Lương - Bến Hải,Huyện Vĩnh Linh,Quảng Trị,prefix_district
839,Thắng cảnh Đakrông,Thắng cảnh Đakrông,Huyện Đa Krông,Quảng Trị,prefix_district
840,Nghĩa trang liệt sĩ Trường Sơn,Nghĩa trang liệt sĩ Trường Sơn,Huyện Gio Linh,Quảng Trị,prefix_district
841,Địa đạo Vịnh Mốc,Địa đạo Vịnh Mốc,Huyện Vĩnh Linh,Quảng Trị,prefix_district
842,Thác Gia Long,Thác Gia Long,Đắc Nông,Lâm Đồng,direct
843,Thác Trinh Nữ,Thác Trinh Nữ,Đắc Nông,Lâm Đồng,direct
844,Nhà đày Buôn Ma Thuột,Nhà đày Buôn Ma Thuột,Đắc Lắk,Đắk Lắk,direct
845,Mộ vua săn bắt Voi,Mộ vua săn bắt Voi,Đắc Lắk,Đắk Lắk,direct
846,Thác Ba Tầng,Thác Ba Tầng,Đắc Nông,Lâm Đồng,direct
847,Vườn quốc gia Yok Đôn,Yok Đôn,Đắc Lắk,Đắk Lắk,direct
848,Thác Diệu Thanh,Thác Diệu Thanh,Đắc Nông,Lâm Đồng,direct
849,Hồ Lắk,Hồ Lắk,Đắc Lắk,Đắk Lắk,direct
850,Chùa Khải Đoan,Chùa Khải Đoan,Đắc Lắk,Đắk Lắk,direct
851,Buôn Đôn,Buôn Đôn,Đắc Lắk,Đắk Lắk,direct
852,Thác Krông Kmar,Thác Krông Kmar,Đắc Lắk,Đắk Lắk,direct
853,Buôn Ako Dhong,Buôn Ako Dhong,Đắc Lắk,Đắk Lắk,direct
854,Khu du lịch Bình An,Bình An,Sóc Trăng,TP. Cần Thơ,direct
855,Vườn cò Tân Long,Vườn cò Tân Long,Sóc Trăng,TP. Cần Thơ,direct
856,Chùa Dơi,Chùa Dơi,Sóc Trăng,TP. Cần Thơ,direct
857,Chùa Đất Sét,Chùa Đất Sét,Sóc Trăng,TP. Cần Thơ,direct
858,Bảo tàng Khmer Sóc Trăng,Bảo tàng Khmer Sóc Trăng,Sóc Trăng,TP. Cần Thơ,direct
859,Chùa Kh'leang,Chùa Kh'leang,Sóc Trăng,TP. Cần Thơ,direct
860,Chùa Sà Lôn (chùa Chén Kiểu),Chùa Sà Lôn,Sóc Trăng,TP. Cần Thơ,direct
861,Khu di tích nhà tù và bảo tàng tỉnh Sơn La,nhà tù và bảo tàng tỉnh Sơn La,Sơn La,Sơn La,direct
862,Mũi Cà Mau,Mũi Cà Mau Cà Mau,Cà Mau,Cà Mau,direct
864,Cao nguyên Mộc Châu,Cao nguyên Mộc Châu,Sơn La,Sơn La,direct
865,Vườn chim trong thành phố,Vườn chim trong thành phố,Cà Mau,Cà Mau,direct
866,Toà thánh Cao Đài Tây Ninh,Toà thánh Cao Đài Tây Ninh,Huyện Hòa Thành,Tây Ninh,prefix_district
867,Chùa Quan Âm,Chùa Quan Âm,Cà Mau,Cà Mau,direct
868,Vườn quốc gia Lò Gò - Xa Mát,Lò Gò - Xa Mát,Huyện Tân Biên,Tây Ninh,prefix_district
869,Bãi biển Mũi Né,Bãi biển Mũi Né,Bình Thuận,Lâm Đồng,direct
870,Núi Bà Đen,Núi Bà Đen,Thành phố Tây Ninh,Tây Ninh,prefix_alias
871,Trung tâm Bùn khoáng nóng Mũi Né,Bùn khoáng nóng Mũi Né,Bình Thuận,Lâm Đồng,direct
872,Chùa Núi Tà Cú,Chùa Núi Tà Cú,Bình Thuận,Lâm Đồng,direct
873,Hòn Rơm,Hòn Rơm,Bình Thuận,Lâm Đồng,direct
874,Mũi Né,Mũi Né,Bình Thuận,Lâm Đồng,direct
875,Khu du lịch sinh thái Đồi Sứ,Đồi Sứ,Bình Thuận,Lâm Đồng,direct
876,Khu du lịch Non Nước,Non Nước,Bình Thuận,Lâm Đồng,direct
877,Chùa Keo,Chùa Keo,Thái Bình,Hưng Yên,direct
878,Khu du lịch biển Đồng Châu,biển Đồng Châu,Thái Bình,Hưng Yên,direct
879,Làng chạm bạc Đồng Xâm,Làng chạm bạc Đồng Xâm,Thái Bình,Hưng Yên,direct
880,Đền Tiên La,Đền Tiên La,Thái Bình,Hưng Yên,direct
881,Đền Đồng Xâm,Đền Đồng Xâm,Thái Bình,Hưng Yên,direct
882,Làng vườn Bách Thuận,Làng vườn Bách Thuận,Thái Bình,Hưng Yên,direct
883,Khu du lịch sinh thái Bà Rá – Thác Mơ,Bà Rá – Thác Mơ,Bình Phước,Đồng Nai,direct
884,Khu du lịch Sóc Xiêm,Sóc Xiêm,Bình Phước,Đồng Nai,direct
885,Thắng cảnh hồ Núi Cốc,Thắng cảnh hồ Núi Cốc,Thái Nguyên,Thái Nguyên,direct
886,Bảo tàng Văn hoá các Dân tộc Việt Nam,Bảo tàng Văn hoá các Dân tộc Việt Nam,Thái Nguyên,Thái Nguyên,direct
887,"Hang Phượng Hoàng, Suối Mỏ Gà","Hang Phượng Hoàng, Suối Mỏ Gà",Thái Nguyên,Thái Nguyên,direct
888,ATK - an toàn khu kháng chiến,ATK - an toàn khu kháng chiến,Thái Nguyên,Thái Nguyên,direct
889,Khu du lịch Lạc Cảnh Đại Nam Văn Hiến,Lạc Cảnh Đại Nam Văn Hiến,Bình Dương,TP. Hồ Chí Minh,direct
890,Làng sơn mài Tương Bình Hiệp,Làng sơn mài Tương Bình Hiệp,Bình Dương,TP. Hồ Chí Minh,direct
891,Chùa Hội Khánh,Chùa Hội Khánh,Bình Dương,TP. Hồ Chí Minh,direct
892,Sân golf Sông Bé,Sân golf Sông Bé,Bình Dương,TP. Hồ Chí Minh,direct
893,Chùa núi Châu Thới,Chùa núi Châu Thới,Bình Dương,TP. Hồ Chí Minh,direct
894,Vườn cây ăn trái Lái Thiêu,Vườn cây ăn trái Lái Thiêu,Bình Dương,TP. Hồ Chí Minh,direct
895,Thành cổ Hoàng Đế,Thành cổ Hoàng Đế,Gia Lai,Gia Lai,direct
896,Tháp Bánh Ít,Tháp Bánh Ít,Gia Lai,Gia Lai,direct
897,Bảo tàng Quang Trung,Bảo tàng Quang Trung,Gia Lai,Gia Lai,direct
898,Tháp Dương Long,Tháp Dương Long,Gia Lai,Gia Lai,direct
899,Tháp Đôi,Tháp Đôi,Gia Lai,Gia Lai,direct
900,Chùa Long Khánh,Chùa Long Khánh,Gia Lai,Gia Lai,direct
901,Ghềnh Ráng Tiên Sa,Ghềnh Ráng Tiên Sa,Gia Lai,Gia Lai,direct
902,Suối nước nóng Hội Vân,Suối nước nóng Hội Vân,Gia Lai,Gia Lai,direct
903,Vườn Quốc gia Bến En,Bến En,Thanh Hoá,Thanh Hóa,direct
904,Thành nhà Hồ,Thành nhà Hồ,Thanh Hoá,Thanh Hóa,direct
905,Di tích lịch sử Lam Kinh,Lam Kinh,Thanh Hoá,Thanh Hóa,direct
906,Khu di tích lịch sử văn hóa Hàm Rồng,lịch sử văn hóa Hàm Rồng,Thanh Hoá,Thanh Hóa,direct
907,Hòn Trống Mái,Hòn Trống Mái,Thanh Hoá,Thanh Hóa,direct
908,Hang cá Cẩm Lương,Hang cá Cẩm Lương,Thanh Hoá,Thanh Hóa,direct
909,Đền Bà Triệu,Đền Bà Triệu,Thanh Hoá,Thanh Hóa,direct
910,Làng cây kiểng Cái Mơn,Làng cây kiểng Cái Mơn,Bến Tre,Vĩnh Long,direct
911,Động Từ Thức,Động Từ Thức,Thanh Hoá,Thanh Hóa,direct
912,Chùa Tuyên Linh,Chùa Tuyên Linh,Bến Tre,Vĩnh Long,direct
913,Mộ Nguyễn Đình Chiểu,Mộ Nguyễn Đình Chiểu,Bến Tre,Vĩnh Long,direct
914,Khu di tích Đồng Khởi,Đồng Khởi,Bến Tre,Vĩnh Long,direct
915,Sân chim Vàm Hồ,Sân chim Vàm Hồ,Bến Tre,Vĩnh Long,direct
916,Đình Bình Hòa,Đình Bình Hòa,Bến Tre,Vĩnh Long,direct
917,Chùa Dâu,Chùa Dâu,Huyện Thuận Thành,Bắc Ninh,prefix_district
918,Chùa Phật Tích,Chùa Phật Tích,Huyện Tiên Du,Bắc Ninh,prefix_district
919,Đình làng Đình Bảng,Đình làng Đình Bảng,Thị xã Từ Sơn,Bắc Ninh,prefix_district
920,Chùa Bút Tháp,Chùa Bút Tháp,Huyện Thuận Thành,Bắc Ninh,prefix_district
922,Làng gốm Phù Lãng,Làng gốm Phù Lãng,Huyện Quế Võ,Bắc Ninh,prefix_district
923,Đền Đô,Đền Đô,Thị xã Từ Sơn,Bắc Ninh,prefix_district
924,Chùa Vĩnh Tràng,Chùa Vĩnh Tràng,Đồng Tháp,Đồng Tháp,direct
925,Chợ nổi Cái Bè,Chợ nổi Cái Bè,Đồng Tháp,Đồng Tháp,direct
926,Cù lao Thới Sơn,Cù lao Thới Sơn,Đồng Tháp,Đồng Tháp,direct
927,Trại nuôi rắn Đồng Tâm,Trại nuôi rắn Đồng Tâm,Đồng Tháp,Đồng Tháp,direct
928,Chùa Hang,Chùa Hang,Trà Vinh,Vĩnh Long,direct
929,Ao Bà Om,Ao Bà Om,Trà Vinh,Vĩnh Long,direct
930,Chùa Âng,Chùa Âng,Trà Vinh,Vĩnh Long,direct
931,Chùa Nôdol,Chùa Nôdol,Trà Vinh,Vĩnh Long,direct
932,Khu nhà công tử Bạc Liêu,Khu nhà công tử Bạc Liêu,Bạc Liêu,Cà Mau,direct
933,Chùa Xiêm Cán,Chùa Xiêm Cán,Bạc Liêu,Cà Mau,direct
934,Chùa Quan Đế,Chùa Quan Đế,Bạc Liêu,Cà Mau,direct
935,Khu bảo tồn thiên nhiên vườn chim Bạc Liêu,vườn chim Bạc Liêu,Bạc Liêu,Cà Mau,direct
937,Lán hang Bòng,Lán hang Bòng,Tuyên Quang,Tuyên Quang,direct
938,Cây đa Tân Trào,Cây đa Tân Trào,Tuyên Quang,Tuyên Quang,direct
939,Khu di tích lịch sử Tân Trào,lịch sử Tân Trào,Tuyên Quang,Tuyên Quang,direct
941,Động Puông,Động Puông,Bắc Kạn,Thái Nguyên,direct
943,Cù Lao An Bình và Bình Hòa Phước,Cù Lao An Bình và Bình Hòa Phước,Vĩnh Long,Vĩnh Long,direct
945,Chùa Bổ Đà,Chùa Bổ Đà,Bắc Ninh,Bắc Ninh,direct
946,Khu du lịch Suối Mỡ,Suối Mỡ,Bắc Ninh,Bắc Ninh,direct
947,Khu du lịch Khuôn Thần,Khuôn Thần,Bắc Ninh,Bắc Ninh,direct
948,Đình Thổ Hà,Đình Thổ Hà,Bắc Ninh,Bắc Ninh,direct
949,Rừng nguyên sinh Khe Rỗ,Rừng nguyên sinh Khe Rỗ,Bắc Ninh,Bắc Ninh,direct
950,Hồ Đại Lải,Hồ Đại Lải,Vĩnh Phúc,Phú Thọ,direct
951,Đình Lỗ Hạnh,Đình Lỗ Hạnh,Bắc Ninh,Bắc Ninh,direct
952,Khu danh thắng Tây Thiên,Khu danh thắng Tây Thiên,Vĩnh Phúc,Phú Thọ,direct
953,Khu du lịch Tam Đảo,Tam Đảo,Vĩnh Phúc,Phú Thọ,direct
954,Thiền viện Trúc Lâm Tây Thiên,Thiền viện Trúc Lâm Tây Thiên,Vĩnh Phúc,Phú Thọ,direct
955,Tháp Bình Sơn,Tháp Bình Sơn,Vĩnh Phúc,Phú Thọ,direct
956,Khu du lịch và sân golf Tam Đảo,và sân golf Tam Đảo,Vĩnh Phúc,Phú Thọ,direct
957,Chùa Hà Tiên,Chùa Hà Tiên,Vĩnh Phúc,Phú Thọ,direct
958,Thành phố Vũng Tàu,Thành phố Vũng Tàu,Bà Rịa - Vũng Tàu,TP. Hồ Chí Minh,direct
959,Bãi Dứa,Bãi Dứa,Bà Rịa - Vũng Tàu,TP. Hồ Chí Minh,direct
960,Công viên Hồ Tây,Công viên Hồ Tây,Thành phố Hà Nội,TP. Hà Nội,prefix_district
961,Thích ca Phật Đài,Thích ca Phật Đài,Bà Rịa - Vũng Tàu,TP. Hồ Chí Minh,direct
963,Ruộng bậc thang Mù Cang Chải,Ruộng bậc thang Mù Cang Chải,Lào Cai,Lào Cai,direct
964,Hồ Thác Bà,Hồ Thác Bà,Lào Cai,Lào Cai,direct
965,Bãi tắm Long Hải,Bãi tắm Long Hải,Bà Rịa - Vũng Tàu,TP. Hồ Chí Minh,direct
967,Cụm di tích núi Sam,núi Sam,Thành phố Châu Đốc,An Giang,district
968,Núi Cấm,Núi Cấm,Huyện Tịnh Biên,An Giang,prefix_district
969,Lễ hội miếu Bà Chúa Xứ,Lễ hội miếu Bà Chúa Xứ,Thành phố Châu Đốc,An Giang,district
970,Chùa Tây An,Chùa Tây An,Thành phố Châu Đốc,An Giang,district
971,Lăng Thoại Ngọc Hầu,Lăng Thoại Ngọc Hầu,Thành phố Châu Đốc,An Giang,district
972,Núi Ba Thê,Núi Ba Thê,Huyện Thoại Sơn,An Giang,prefix_district
973,Bia Thoại Sơn,Bia Thoại Sơn,Huyện Thoại Sơn,An Giang,prefix_district
974,Khu di chỉ Óc Eo,Khu di chỉ Óc Eo,Huyện Thoại Sơn,An Giang,prefix_district
975,Khu du lịch núi Sập,núi Sập,Huyện Thoại Sơn,An Giang,prefix_district
976,Nhà bảo tàng tỉnh An Giang,Nhà bảo tàng tỉnh An Giang,Thành phố Long Xuyên,An Giang,prefix_district
977,Chùa Ông Bắc,Chùa Ông Bắc,Thành phố Long Xuyên,An Giang,prefix_district
978,Khu di tích lịch sử Tức Dụp,lịch sử Tức Dụp,Huyện Tri Tôn,An Giang,prefix_district
979,Làng chài Hàm Ninh,Làng chài Hàm Ninh,An Giang,An Giang,direct
