old,new
An Giang,An Giang
Kiên Giang,An Giang
Bắc Ninh,Bắc Ninh
Bắc Giang,Bắc Ninh
Cà Mau,Cà Mau
Bạc Liêu,Cà Mau
Cao Bằng,Cao Bằng
TP. Cần Thơ,TP. Cần Thơ
Sóc Trăng,TP. Cần Thơ
Hậu Giang,TP. Cần Thơ
TP. Đà Nẵng,TP. Đà Nẵng
Quảng Nam,TP. Đà Nẵng
Đắk Lắk,Đắk Lắk
Phú Yên,Đắk Lắk
Điện Biên,Điện Biên
Đồng Nai,Đồng Nai
Bình Phước,Đồng Nai
Đồng Tháp,Đồng Tháp
Tiền Giang,Đồng Tháp
Gia Lai,Gia Lai
Bình Định,Gia Lai
TP. Hà Nội,TP. Hà Nội
Hà Tĩnh,Hà Tĩnh
TP. Hải Phòng,TP. Hải Phòng
Hải Dương,TP. Hải Phòng
TP. Hồ Chí Minh,TP. Hồ Chí Minh
Bình Dương,TP. Hồ Chí Minh
Bà Rịa – Vũng Tàu,TP. Hồ Chí Minh
TP. Huế,TP. Huế
Hưng Yên,Hưng Yên
Thái Bình,Hưng Yên
Khánh Hòa,Khánh Hoà
Ninh Thuận,Khánh Hoà
Lai Châu,Lai Châu
Lạng Sơn,Lạng Sơn
Lào Cai,Lào Cai
Yên Bái,Lào Cai
Lâm Đồng,Lâm Đồng
Đắk Nông,Lâm Đồng
Bình Thuận,Lâm Đồng
Nghệ An,Nghệ An
Ninh Bình,Ninh Bình
Hà Nam,Ninh Bình
Nam Định,Ninh Bình
Phú Thọ,Phú Thọ
Hòa Bình,Phú Thọ
Vĩnh Phúc,Phú Thọ
Quảng Ngãi,Quảng Ngãi
Kon Tum,Quảng Ngãi
Quảng Ninh,Quảng Ninh
Quảng Trị,Quảng Trị
Quảng Bình,Quảng Trị
Sơn La,Sơn La
Tây Ninh,Tây Ninh
Long An,Tây Ninh
Thái Nguyên,Thái Nguyên
Bắc Kạn,Thái Nguyên
Thanh Hóa,Thanh Hóa
Tuyên Quang,Tuyên Quang
Hà Giang,Tuyên Quang
Vĩnh Long,Vĩnh Long
Bến Tre,Vĩnh Long
Trà Vinh,Vĩnh Long
